id,latitude,longitude,road_name,severity,date,time,datetime,weather,vehicle_type,road_risk_level
1,28.641379,77.21458,Ring Road,Minor,2023-06-30,14:04,2023-06-30 14:04:22,Clear,Auto,high
2,28.595042,77.045719,Dwarka Expressway,Minor,2025-07-09,15:00,2025-07-09 15:00:22,Clear,Car,medium
3,28.515116,77.212946,Mathura Road,Severe,2024-04-04,18:57,2024-04-04 18:57:22,Rain,Truck,medium
4,28.710655,77.110123,Outer Ring Road,Moderate,2025-03-21,17:38,2025-03-21 17:38:22,Heavy Rain,Bike,high
5,28.655085,77.222475,G T Road,Severe,2023-03-10,19:33,2023-03-10 19:33:22,Clear,Auto,high
6,28.674578,77.119183,Rohtak Road,Fatal,2023-12-13,00:12,2023-12-13 00:12:22,Clear,Bike,high
7,28.671612,77.12278,Rohtak Road,Moderate,2023-07-31,19:34,2023-07-31 19:34:22,Clear,Bus,high
8,28.748918,77.070837,NH-44,Minor,2025-01-27,09:15,2025-01-27 09:15:22,Rain,Car,high
9,28.75364,77.070217,NH-44,Minor,2023-06-28,09:16,2023-06-28 09:16:22,Rain,Bike,high
10,28.686425,77.118371,Rohtak Road,Minor,2024-08-13,17:49,2024-08-13 17:49:22,Fog,Car,high
11,28.56524,77.297335,DND Flyway,Severe,2025-08-07,22:17,2025-08-07 22:17:22,Rain,Car,medium
12,28.462373,77.024642,MG Road,Severe,2024-09-17,21:53,2024-09-17 21:53:22,Fog,Bike,medium
13,28.643302,77.221974,G T Road,Minor,2025-06-19,06:38,2025-06-19 06:38:22,Clear,Truck,high
14,28.454766,77.019129,MG Road,Moderate,2025-05-24,10:57,2025-05-24 10:57:22,Rain,Auto,medium
15,28.533123,77.211029,Mathura Road,Severe,2024-01-14,20:05,2024-01-14 20:05:22,Fog,Bike,medium
16,28.46438,77.028198,MG Road,Moderate,2025-06-17,16:27,2025-06-17 16:27:22,Rain,Truck,medium
17,28.597324,77.053193,Dwarka Expressway,Minor,2023-04-25,21:29,2023-04-25 21:29:22,Clear,Car,medium
18,28.564913,77.302099,DND Flyway,Minor,2023-12-31,11:13,2023-12-31 11:13:22,Rain,Auto,medium
19,28.706481,77.09808,Outer Ring Road,Minor,2023-05-08,17:16,2023-05-08 17:16:22,Clear,Bus,high
20,28.742859,77.073429,NH-44,Minor,2024-10-31,09:13,2024-10-31 09:13:22,Rain,Bike,high
21,28.75676,77.059372,NH-44,Moderate,2024-01-25,07:07,2024-01-25 07:07:22,Fog,Bike,high
22,28.747128,77.068137,NH-44,Moderate,2023-11-07,13:27,2023-11-07 13:27:22,Clear,Auto,high
23,28.568988,77.299372,DND Flyway,Minor,2025-03-19,15:04,2025-03-19 15:04:22,Clear,Bike,medium
24,28.582653,77.040915,Dwarka Expressway,Fatal,2024-10-31,07:35,2024-10-31 07:35:22,Clear,Car,medium
25,28.458058,77.016914,MG Road,Moderate,2023-07-17,22:18,2023-07-17 22:18:22,Fog,Auto,medium
26,28.753165,77.063507,NH-44,Minor,2026-01-29,08:03,2026-01-29 08:03:22,Clear,Truck,high
27,28.530374,77.215042,Mathura Road,Minor,2025-09-26,13:18,2025-09-26 13:18:22,Rain,Car,medium
28,28.705288,77.108221,Outer Ring Road,Moderate,2024-11-16,05:12,2024-11-16 05:12:22,Fog,Truck,high
29,28.594933,77.040746,Dwarka Expressway,Minor,2025-05-21,15:13,2025-05-21 15:13:22,Clear,Auto,medium
30,28.694989,77.106236,Outer Ring Road,Moderate,2023-10-15,13:29,2023-10-15 13:29:22,Clear,Auto,high
31,28.593483,77.24358,Lodhi Road,Minor,2024-12-08,20:53,2024-12-08 20:53:22,Fog,Bus,low
32,28.596289,77.050886,Dwarka Expressway,Moderate,2024-11-07,10:11,2024-11-07 10:11:22,Heavy Rain,Truck,medium
33,28.74559,77.06353,NH-44,Minor,2024-08-31,09:55,2024-08-31 09:55:22,Fog,Auto,high
34,28.652015,77.23535,G T Road,Minor,2025-11-18,01:23,2025-11-18 01:23:22,Clear,Car,high
35,28.655044,77.237374,G T Road,Moderate,2026-02-22,23:11,2026-02-22 23:11:22,Clear,Auto,high
36,28.592379,77.052192,Dwarka Expressway,Fatal,2023-11-30,20:46,2023-11-30 20:46:22,Rain,Auto,medium
37,28.58185,77.248287,Lodhi Road,Fatal,2023-05-20,19:05,2023-05-20 19:05:22,Fog,Bike,low
38,28.570185,77.312208,DND Flyway,Minor,2024-02-14,19:12,2024-02-14 19:12:22,Rain,Truck,medium
39,28.706643,77.101303,Outer Ring Road,Minor,2024-03-23,22:07,2024-03-23 22:07:22,Clear,Auto,high
40,28.46569,77.032936,MG Road,Minor,2025-01-12,17:11,2025-01-12 17:11:22,Rain,Bike,medium
41,28.456463,77.028024,MG Road,Minor,2023-12-10,16:55,2023-12-10 16:55:22,Clear,Bike,medium
42,28.707167,77.109315,Outer Ring Road,Severe,2023-03-22,06:53,2023-03-22 06:53:22,Fog,Car,high
43,28.71207,77.11178,Outer Ring Road,Moderate,2024-06-23,08:01,2024-06-23 08:01:22,Fog,Car,high
44,28.577478,77.309435,DND Flyway,Minor,2023-04-08,18:20,2023-04-08 18:20:22,Clear,Bus,medium
45,28.627981,77.222964,Ring Road,Moderate,2023-09-16,07:50,2023-09-16 07:50:22,Clear,Truck,high
46,28.631547,77.226699,Ring Road,Minor,2023-03-06,18:51,2023-03-06 18:51:22,Heavy Rain,Car,high
47,28.595821,77.049856,Dwarka Expressway,Fatal,2023-05-10,08:01,2023-05-10 08:01:22,Clear,Truck,medium
48,28.522327,77.20848,Mathura Road,Moderate,2025-10-03,18:27,2025-10-03 18:27:22,Clear,Auto,medium
49,28.520508,77.199349,Mathura Road,Minor,2024-07-23,17:31,2024-07-23 17:31:22,Rain,Auto,medium
50,28.65269,77.227907,G T Road,Minor,2025-06-09,07:49,2025-06-09 07:49:22,Clear,Truck,high
51,28.581091,77.245454,Lodhi Road,Moderate,2025-10-27,13:44,2025-10-27 13:44:22,Clear,Bike,low
52,28.655899,77.234566,G T Road,Moderate,2024-01-18,10:37,2024-01-18 10:37:22,Clear,Bus,high
53,28.5925,77.041111,Dwarka Expressway,Minor,2025-01-30,22:32,2025-01-30 22:32:22,Clear,Car,medium
54,28.525462,77.206964,Mathura Road,Minor,2025-10-24,20:27,2025-10-24 20:27:22,Clear,Car,medium
55,28.696386,77.097943,Outer Ring Road,Moderate,2024-03-17,17:43,2024-03-17 17:43:22,Clear,Truck,high
56,28.590185,77.239694,Lodhi Road,Moderate,2023-05-24,10:44,2023-05-24 10:44:22,Rain,Bus,low
57,28.588762,77.053555,Dwarka Expressway,Minor,2025-10-24,23:54,2025-10-24 23:54:22,Clear,Bus,medium
58,28.58745,77.24857,Lodhi Road,Minor,2026-01-07,13:10,2026-01-07 13:10:22,Rain,Bus,low
59,28.600907,77.045758,Dwarka Expressway,Moderate,2024-11-04,08:18,2024-11-04 08:18:22,Fog,Auto,medium
60,28.598851,77.040229,Dwarka Expressway,Moderate,2023-06-11,17:14,2023-06-11 17:14:22,Clear,Bus,medium
61,28.634476,77.210721,Ring Road,Moderate,2025-03-29,07:25,2025-03-29 07:25:22,Clear,Bike,high
62,28.632207,77.222937,Ring Road,Minor,2023-10-18,09:53,2023-10-18 09:53:22,Clear,Bike,high
63,28.685987,77.129723,Rohtak Road,Minor,2025-09-25,18:07,2025-09-25 18:07:22,Clear,Truck,high
64,28.533087,77.213346,Mathura Road,Minor,2026-01-13,09:08,2026-01-13 09:08:22,Rain,Truck,medium
65,28.633818,77.216672,Ring Road,Moderate,2024-03-22,09:43,2024-03-22 09:43:22,Rain,Auto,high
66,28.5934,77.234196,Lodhi Road,Severe,2025-04-08,07:12,2025-04-08 07:12:22,Rain,Bike,low
67,28.635139,77.216335,Ring Road,Severe,2026-02-21,12:20,2026-02-21 12:20:22,Clear,Auto,high
68,28.755519,77.076505,NH-44,Minor,2023-06-08,11:54,2023-06-08 11:54:22,Clear,Bus,high
69,28.675062,77.119957,Rohtak Road,Fatal,2024-08-17,21:06,2024-08-17 21:06:22,Clear,Truck,high
70,28.595593,77.249586,Lodhi Road,Minor,2024-11-28,14:21,2024-11-28 14:21:22,Rain,Auto,low
71,28.531044,77.197383,Mathura Road,Moderate,2025-01-18,15:10,2025-01-18 15:10:22,Clear,Car,medium
72,28.454924,77.032603,MG Road,Minor,2024-05-20,08:07,2024-05-20 08:07:22,Fog,Auto,medium
73,28.627461,77.223403,Ring Road,Minor,2024-09-01,13:48,2024-09-01 13:48:22,Clear,Bus,high
74,28.633169,77.224358,Ring Road,Severe,2025-12-11,07:21,2025-12-11 07:21:22,Clear,Car,high
75,28.57723,77.308987,DND Flyway,Minor,2026-02-10,18:32,2026-02-10 18:32:22,Clear,Bike,medium
76,28.463602,77.018875,MG Road,Severe,2025-05-10,06:38,2025-05-10 06:38:22,Rain,Auto,medium
77,28.525477,77.210315,Mathura Road,Severe,2026-01-29,08:37,2026-01-29 08:37:22,Fog,Bike,medium
78,28.641736,77.221811,G T Road,Minor,2025-05-23,18:17,2025-05-23 18:17:22,Clear,Auto,high
79,28.46267,77.028037,MG Road,Severe,2024-08-05,19:26,2024-08-05 19:26:22,Heavy Rain,Car,medium
80,28.75455,77.059056,NH-44,Minor,2024-04-01,17:52,2024-04-01 17:52:22,Clear,Bike,high
81,28.688046,77.126016,Rohtak Road,Severe,2025-05-01,20:14,2025-05-01 20:14:22,Clear,Bus,high
82,28.64163,77.225687,G T Road,Minor,2025-12-06,14:43,2025-12-06 14:43:22,Clear,Truck,high
83,28.637207,77.223381,Ring Road,Minor,2025-12-25,21:01,2025-12-25 21:01:22,Clear,Auto,high
84,28.650925,77.229239,G T Road,Minor,2024-05-29,06:49,2024-05-29 06:49:22,Clear,Truck,high
85,28.740003,77.064923,NH-44,Minor,2024-11-03,07:57,2024-11-03 07:57:22,Clear,Car,high
86,28.647597,77.22842,G T Road,Moderate,2023-03-11,14:47,2023-03-11 14:47:22,Clear,Car,high
87,28.579742,77.309007,DND Flyway,Moderate,2025-10-07,19:48,2025-10-07 19:48:22,Rain,Car,medium
88,28.57802,77.237241,Lodhi Road,Moderate,2023-09-01,22:05,2023-09-01 22:05:22,Fog,Auto,low
89,28.52496,77.216309,Mathura Road,Severe,2023-07-27,05:25,2023-07-27 05:25:22,Rain,Truck,medium
90,28.751633,77.074736,NH-44,Minor,2025-04-04,17:12,2025-04-04 17:12:22,Clear,Auto,high
91,28.744709,77.062945,NH-44,Minor,2023-07-30,07:17,2023-07-30 07:17:22,Clear,Bus,high
92,28.652811,77.222999,G T Road,Minor,2023-03-14,11:05,2023-03-14 11:05:22,Heavy Rain,Auto,high
93,28.589338,77.243324,Lodhi Road,Minor,2026-01-15,08:29,2026-01-15 08:29:22,Clear,Bus,low
94,28.449949,77.032327,MG Road,Moderate,2023-07-16,20:10,2023-07-16 20:10:22,Fog,Bike,medium
95,28.67855,77.113847,Rohtak Road,Minor,2024-04-09,16:24,2024-04-09 16:24:22,Rain,Car,high
96,28.530273,77.215499,Mathura Road,Moderate,2024-12-11,12:15,2024-12-11 12:15:22,Clear,Bus,medium
97,28.596444,77.244087,Lodhi Road,Minor,2024-03-06,17:25,2024-03-06 17:25:22,Fog,Bus,low
98,28.624626,77.216412,Ring Road,Fatal,2024-07-03,08:52,2024-07-03 08:52:22,Clear,Bike,high
99,28.524745,77.200326,Mathura Road,Moderate,2025-11-27,20:35,2025-11-27 20:35:22,Rain,Bus,medium
100,28.580714,77.240452,Lodhi Road,Severe,2025-09-03,17:23,2025-09-03 17:23:22,Rain,Auto,low
101,28.680802,77.111839,Rohtak Road,Minor,2025-07-26,08:23,2025-07-26 08:23:22,Clear,Truck,high
102,28.593156,77.241502,Lodhi Road,Minor,2024-09-14,09:30,2024-09-14 09:30:22,Clear,Truck,low
103,28.750245,77.061272,NH-44,Minor,2024-07-24,08:16,2024-07-24 08:16:22,Clear,Bike,high
104,28.636011,77.206805,Ring Road,Severe,2025-08-07,09:24,2025-08-07 09:24:22,Clear,Auto,high
105,28.524119,77.215618,Mathura Road,Moderate,2024-11-07,18:29,2024-11-07 18:29:22,Clear,Bike,medium
106,28.601345,77.038916,Dwarka Expressway,Moderate,2023-03-08,20:11,2023-03-08 20:11:22,Clear,Bus,medium
107,28.596579,77.053638,Dwarka Expressway,Severe,2025-08-17,07:48,2025-08-17 07:48:22,Clear,Truck,medium
108,28.588799,77.23742,Lodhi Road,Minor,2024-07-23,10:04,2024-07-23 10:04:22,Clear,Truck,low
109,28.660283,77.237071,G T Road,Minor,2024-08-18,00:25,2024-08-18 00:25:22,Clear,Bus,high
110,28.593132,77.23545,Lodhi Road,Fatal,2024-11-02,07:50,2024-11-02 07:50:22,Heavy Rain,Bus,low
111,28.465032,77.01904,MG Road,Minor,2025-01-28,14:45,2025-01-28 14:45:22,Clear,Bike,medium
112,28.645191,77.235052,G T Road,Moderate,2025-10-19,09:12,2025-10-19 09:12:22,Clear,Bike,high
113,28.588704,77.055574,Dwarka Expressway,Moderate,2026-01-18,07:32,2026-01-18 07:32:22,Fog,Bus,medium
114,28.656157,77.239649,G T Road,Moderate,2025-10-08,09:19,2025-10-08 09:19:22,Rain,Truck,high
115,28.752751,77.065114,NH-44,Minor,2024-10-17,05:16,2024-10-17 05:16:22,Clear,Car,high
116,28.592167,77.051714,Dwarka Expressway,Severe,2025-05-19,22:39,2025-05-19 22:39:22,Clear,Car,medium
117,28.742783,77.071716,NH-44,Severe,2024-06-13,18:57,2024-06-13 18:57:22,Heavy Rain,Bike,high
118,28.744256,77.076327,NH-44,Severe,2023-11-30,20:15,2023-11-30 20:15:22,Clear,Truck,high
119,28.464327,77.026218,MG Road,Minor,2023-07-17,19:31,2023-07-17 19:31:22,Clear,Bus,medium
120,28.688394,77.123175,Rohtak Road,Moderate,2025-02-15,15:11,2025-02-15 15:11:22,Fog,Bike,high
121,28.687757,77.125041,Rohtak Road,Moderate,2024-11-13,07:04,2024-11-13 07:04:22,Rain,Car,high
122,28.52352,77.205605,Mathura Road,Minor,2023-07-12,09:38,2023-07-12 09:38:22,Rain,Bike,medium
123,28.519221,77.214056,Mathura Road,Severe,2025-03-27,22:00,2025-03-27 22:00:22,Clear,Auto,medium
124,28.465745,77.026054,MG Road,Moderate,2026-02-06,07:40,2026-02-06 07:40:22,Rain,Truck,medium
125,28.586893,77.250667,Lodhi Road,Minor,2024-12-22,20:00,2024-12-22 20:00:22,Clear,Car,low
126,28.755785,77.065973,NH-44,Moderate,2024-10-06,18:35,2024-10-06 18:35:22,Clear,Car,high
127,28.652573,77.228783,G T Road,Severe,2025-02-25,17:46,2025-02-25 17:46:22,Fog,Bike,high
128,28.754984,77.071296,NH-44,Severe,2023-10-14,13:10,2023-10-14 13:10:22,Heavy Rain,Car,high
129,28.649226,77.233506,G T Road,Severe,2026-01-12,17:40,2026-01-12 17:40:22,Clear,Auto,high
130,28.69664,77.096031,Outer Ring Road,Moderate,2025-05-24,17:20,2025-05-24 17:20:22,Clear,Auto,high
131,28.594547,77.234921,Lodhi Road,Fatal,2024-11-22,09:41,2024-11-22 09:41:22,Fog,Bus,low
132,28.574672,77.314473,DND Flyway,Moderate,2024-02-25,07:19,2024-02-25 07:19:22,Clear,Car,medium
133,28.590166,77.242217,Lodhi Road,Minor,2023-10-23,22:41,2023-10-23 22:41:22,Clear,Bike,low
134,28.623758,77.214582,Ring Road,Moderate,2025-03-24,09:02,2025-03-24 09:02:22,Clear,Bike,high
135,28.587237,77.042056,Dwarka Expressway,Moderate,2024-03-18,17:54,2024-03-18 17:54:22,Clear,Truck,medium
136,28.631672,77.221361,Ring Road,Moderate,2024-09-27,13:12,2024-09-27 13:12:22,Clear,Car,high
137,28.58361,77.246079,Lodhi Road,Minor,2024-01-05,06:52,2024-01-05 06:52:22,Rain,Bus,low
138,28.451117,77.02693,MG Road,Minor,2024-12-12,00:18,2024-12-12 00:18:22,Clear,Car,medium
139,28.4633,77.026276,MG Road,Minor,2025-08-02,12:35,2025-08-02 12:35:22,Clear,Bus,medium
140,28.646316,77.225689,G T Road,Minor,2026-01-11,19:56,2026-01-11 19:56:22,Clear,Auto,high
141,28.584901,77.044071,Dwarka Expressway,Minor,2025-05-28,19:43,2025-05-28 19:43:22,Clear,Auto,medium
142,28.529375,77.213111,Mathura Road,Moderate,2023-03-22,09:12,2023-03-22 09:12:22,Rain,Bike,medium
143,28.519688,77.197103,Mathura Road,Moderate,2023-10-24,19:02,2023-10-24 19:02:22,Rain,Car,medium
144,28.582279,77.307542,DND Flyway,Minor,2025-09-15,17:42,2025-09-15 17:42:22,Clear,Car,medium
145,28.746871,77.060316,NH-44,Moderate,2025-09-29,22:52,2025-09-29 22:52:22,Clear,Auto,high
146,28.531871,77.20456,Mathura Road,Severe,2024-12-19,19:01,2024-12-19 19:01:22,Clear,Truck,medium
147,28.740829,77.057853,NH-44,Moderate,2026-01-21,11:52,2026-01-21 11:52:22,Clear,Car,high
148,28.46774,77.021757,MG Road,Minor,2025-10-07,04:14,2025-10-07 04:14:22,Clear,Car,medium
149,28.57804,77.314675,DND Flyway,Minor,2024-07-02,19:49,2024-07-02 19:49:22,Heavy Rain,Car,medium
150,28.686651,77.130928,Rohtak Road,Fatal,2024-05-25,08:16,2024-05-25 08:16:22,Fog,Car,high
151,28.674886,77.114348,Rohtak Road,Minor,2024-07-21,18:54,2024-07-21 18:54:22,Clear,Bike,high
152,28.651839,77.230776,G T Road,Moderate,2024-09-16,08:59,2024-09-16 08:59:22,Clear,Auto,high
153,28.596775,77.050778,Dwarka Expressway,Moderate,2023-06-11,09:52,2023-06-11 09:52:22,Rain,Truck,medium
154,28.578212,77.30819,DND Flyway,Moderate,2024-05-17,21:53,2024-05-17 21:53:22,Clear,Auto,medium
155,28.646375,77.229847,G T Road,Moderate,2026-02-11,10:02,2026-02-11 10:02:22,Clear,Car,high
156,28.686824,77.117762,Rohtak Road,Moderate,2025-05-25,08:40,2025-05-25 08:40:22,Clear,Auto,high
157,28.679611,77.124479,Rohtak Road,Minor,2025-04-11,20:38,2025-04-11 20:38:22,Heavy Rain,Auto,high
158,28.458444,77.020276,MG Road,Severe,2025-02-14,02:51,2025-02-14 02:51:22,Clear,Auto,medium
159,28.640314,77.224705,Ring Road,Moderate,2025-05-06,02:55,2025-05-06 02:55:22,Clear,Bike,high
160,28.749387,77.066588,NH-44,Fatal,2024-11-29,15:29,2024-11-29 15:29:22,Rain,Car,high
161,28.679858,77.116913,Rohtak Road,Moderate,2024-06-15,07:46,2024-06-15 07:46:22,Clear,Bike,high
162,28.749162,77.067361,NH-44,Moderate,2023-06-10,05:57,2023-06-10 05:57:22,Rain,Bus,high
163,28.466851,77.031559,MG Road,Minor,2024-02-18,11:26,2024-02-18 11:26:22,Clear,Auto,medium
164,28.659041,77.236735,G T Road,Minor,2024-06-14,23:00,2024-06-14 23:00:22,Clear,Auto,high
165,28.655151,77.226445,G T Road,Severe,2025-04-04,20:18,2025-04-04 20:18:22,Rain,Auto,high
166,28.677267,77.112476,Rohtak Road,Severe,2024-11-14,08:05,2024-11-14 08:05:22,Rain,Bike,high
167,28.591967,77.039996,Dwarka Expressway,Moderate,2025-04-12,15:45,2025-04-12 15:45:22,Rain,Car,medium
168,28.753935,77.066835,NH-44,Moderate,2023-04-28,00:49,2023-04-28 00:49:22,Rain,Truck,high
169,28.636419,77.218842,Ring Road,Fatal,2023-04-12,09:01,2023-04-12 09:01:22,Rain,Truck,high
170,28.686892,77.112597,Rohtak Road,Moderate,2025-08-31,07:19,2025-08-31 07:19:22,Clear,Bike,high
171,28.702724,77.10324,Outer Ring Road,Minor,2024-05-17,09:00,2024-05-17 09:00:22,Clear,Bike,high
172,28.74413,77.071916,NH-44,Severe,2024-04-16,07:42,2024-04-16 07:42:22,Clear,Bus,high
173,28.694842,77.111418,Outer Ring Road,Minor,2023-03-29,08:49,2023-03-29 08:49:22,Clear,Truck,high
174,28.684522,77.12119,Rohtak Road,Moderate,2024-12-21,07:58,2024-12-21 07:58:22,Fog,Auto,high
175,28.756235,77.07068,NH-44,Moderate,2025-05-16,11:00,2025-05-16 11:00:22,Rain,Truck,high
176,28.521019,77.20432,Mathura Road,Severe,2023-06-18,18:32,2023-06-18 18:32:22,Rain,Truck,medium
177,28.52207,77.202293,Mathura Road,Severe,2025-12-29,18:56,2025-12-29 18:56:22,Fog,Auto,medium
178,28.457634,77.034674,MG Road,Moderate,2024-05-08,07:56,2024-05-08 07:56:22,Clear,Truck,medium
179,28.740134,77.057048,NH-44,Fatal,2026-02-10,23:44,2026-02-10 23:44:22,Rain,Car,high
180,28.745447,77.057648,NH-44,Moderate,2023-09-04,08:03,2023-09-04 08:03:22,Clear,Bus,high
181,28.571154,77.312637,DND Flyway,Moderate,2025-08-26,08:09,2025-08-26 08:09:22,Rain,Auto,medium
182,28.527977,77.202491,Mathura Road,Fatal,2025-07-07,03:55,2025-07-07 03:55:22,Rain,Bus,medium
183,28.704831,77.101669,Outer Ring Road,Moderate,2023-12-19,07:42,2023-12-19 07:42:22,Clear,Car,high
184,28.466808,77.020646,MG Road,Moderate,2024-12-20,17:45,2024-12-20 17:45:22,Clear,Bus,medium
185,28.578138,77.244688,Lodhi Road,Moderate,2025-01-12,18:39,2025-01-12 18:39:22,Rain,Bike,low
186,28.463583,77.023048,MG Road,Minor,2023-11-04,12:03,2023-11-04 12:03:22,Clear,Auto,medium
187,28.753047,77.068343,NH-44,Minor,2023-11-24,08:33,2023-11-24 08:33:22,Clear,Bike,high
188,28.739619,77.076754,NH-44,Minor,2025-12-01,21:02,2025-12-01 21:02:22,Clear,Bike,high
189,28.526348,77.21401,Mathura Road,Minor,2024-04-01,22:15,2024-04-01 22:15:22,Clear,Car,medium
190,28.532341,77.207155,Mathura Road,Moderate,2023-04-08,06:39,2023-04-08 06:39:22,Clear,Bike,medium
191,28.457831,77.0238,MG Road,Moderate,2026-01-29,06:49,2026-01-29 06:49:22,Clear,Truck,medium
192,28.753883,77.068133,NH-44,Severe,2023-07-31,23:47,2023-07-31 23:47:22,Fog,Truck,high
193,28.748062,77.059916,NH-44,Minor,2024-09-05,21:52,2024-09-05 21:52:22,Clear,Bus,high
194,28.576825,77.307993,DND Flyway,Minor,2024-01-13,20:59,2024-01-13 20:59:22,Clear,Bike,medium
195,28.45383,77.017107,MG Road,Minor,2024-02-28,20:50,2024-02-28 20:50:22,Clear,Auto,medium
196,28.67885,77.124212,Rohtak Road,Minor,2024-04-02,19:05,2024-04-02 19:05:22,Clear,Auto,high
197,28.631862,77.210718,Ring Road,Minor,2025-03-20,17:38,2025-03-20 17:38:22,Clear,Bike,high
198,28.515741,77.199612,Mathura Road,Moderate,2024-06-18,17:20,2024-06-18 17:20:22,Clear,Auto,medium
199,28.599218,77.038145,Dwarka Expressway,Minor,2024-02-29,18:39,2024-02-29 18:39:22,Rain,Bike,medium
200,28.656663,77.228645,G T Road,Minor,2025-02-06,13:03,2025-02-06 13:03:22,Clear,Bike,high
201,28.518508,77.204811,Mathura Road,Fatal,2023-11-29,08:33,2023-11-29 08:33:22,Fog,Bus,medium
202,28.587744,77.234153,Lodhi Road,Moderate,2026-01-28,13:33,2026-01-28 13:33:22,Heavy Rain,Auto,low
203,28.650824,77.236882,G T Road,Minor,2024-11-02,16:20,2024-11-02 16:20:22,Rain,Auto,high
204,28.580801,77.310682,DND Flyway,Severe,2024-03-28,10:09,2024-03-28 10:09:22,Clear,Bus,medium
205,28.58182,77.243998,Lodhi Road,Moderate,2024-04-07,17:49,2024-04-07 17:49:22,Clear,Car,low
206,28.567401,77.297021,DND Flyway,Minor,2024-09-18,17:35,2024-09-18 17:35:22,Clear,Truck,medium
207,28.643345,77.232862,G T Road,Minor,2025-08-16,18:43,2025-08-16 18:43:22,Clear,Bus,high
208,28.659278,77.231322,G T Road,Minor,2024-03-17,10:55,2024-03-17 10:55:22,Clear,Bike,high
209,28.521321,77.214566,Mathura Road,Moderate,2025-07-09,08:45,2025-07-09 08:45:22,Clear,Truck,medium
210,28.682368,77.118422,Rohtak Road,Moderate,2023-02-28,11:06,2023-02-28 11:06:22,Clear,Auto,high
211,28.6945,77.110621,Outer Ring Road,Moderate,2025-06-02,18:17,2025-06-02 18:17:22,Rain,Truck,high
212,28.456478,77.026088,MG Road,Moderate,2024-01-15,19:33,2024-01-15 19:33:22,Rain,Truck,medium
213,28.656656,77.238053,G T Road,Minor,2025-05-06,21:42,2025-05-06 21:42:22,Rain,Truck,high
214,28.630678,77.20742,Ring Road,Minor,2025-12-30,03:20,2025-12-30 03:20:22,Clear,Auto,high
215,28.700628,77.107766,Outer Ring Road,Moderate,2025-01-28,07:13,2025-01-28 07:13:22,Clear,Bike,high
216,28.574322,77.310139,DND Flyway,Severe,2024-03-29,18:26,2024-03-29 18:26:22,Rain,Truck,medium
217,28.700198,77.110016,Outer Ring Road,Severe,2024-10-17,17:14,2024-10-17 17:14:22,Rain,Bike,high
218,28.633253,77.216709,Ring Road,Moderate,2025-05-31,17:45,2025-05-31 17:45:22,Clear,Truck,high
219,28.521883,77.205064,Mathura Road,Severe,2023-11-17,18:54,2023-11-17 18:54:22,Rain,Bike,medium
220,28.656061,77.226563,G T Road,Severe,2025-02-23,19:52,2025-02-23 19:52:22,Clear,Bike,high
221,28.525031,77.199001,Mathura Road,Minor,2023-10-27,17:22,2023-10-27 17:22:22,Clear,Bike,medium
222,28.518731,77.200114,Mathura Road,Severe,2024-04-13,21:39,2024-04-13 21:39:22,Clear,Truck,medium
223,28.629275,77.221659,Ring Road,Minor,2023-10-28,19:47,2023-10-28 19:47:22,Clear,Auto,high
224,28.456641,77.02965,MG Road,Minor,2023-09-27,08:04,2023-09-27 08:04:22,Clear,Car,medium
225,28.657579,77.238985,G T Road,Minor,2024-12-21,18:15,2024-12-21 18:15:22,Clear,Car,high
226,28.745483,77.068139,NH-44,Moderate,2025-08-15,16:32,2025-08-15 16:32:22,Clear,Bike,high
227,28.524386,77.196973,Mathura Road,Fatal,2024-07-09,19:07,2024-07-09 19:07:22,Rain,Bus,medium
228,28.589231,77.247748,Lodhi Road,Fatal,2023-04-14,09:42,2023-04-14 09:42:22,Clear,Bus,low
229,28.743043,77.058097,NH-44,Minor,2025-06-11,07:37,2025-06-11 07:37:22,Clear,Bus,high
230,28.743976,77.064123,NH-44,Minor,2025-01-21,15:56,2025-01-21 15:56:22,Rain,Auto,high
231,28.6502,77.228058,G T Road,Minor,2023-11-10,17:02,2023-11-10 17:02:22,Clear,Truck,high
232,28.597185,77.248324,Lodhi Road,Moderate,2025-02-27,11:26,2025-02-27 11:26:22,Fog,Bike,low
233,28.579073,77.310805,DND Flyway,Minor,2025-10-23,19:27,2025-10-23 19:27:22,Clear,Bike,medium
234,28.676184,77.112672,Rohtak Road,Moderate,2024-12-04,18:51,2024-12-04 18:51:22,Heavy Rain,Truck,high
235,28.68726,77.124003,Rohtak Road,Severe,2024-03-06,13:19,2024-03-06 13:19:22,Rain,Bus,high
236,28.593035,77.037241,Dwarka Expressway,Minor,2025-10-01,23:58,2025-10-01 23:58:22,Clear,Car,medium
237,28.516496,77.197041,Mathura Road,Minor,2025-01-22,17:03,2025-01-22 17:03:22,Clear,Auto,medium
238,28.574477,77.304188,DND Flyway,Minor,2024-05-02,09:35,2024-05-02 09:35:22,Clear,Bus,medium
239,28.578149,77.240313,Lodhi Road,Moderate,2024-04-03,18:43,2024-04-03 18:43:22,Clear,Bike,low
240,28.573611,77.303435,DND Flyway,Minor,2025-08-22,06:59,2025-08-22 06:59:22,Clear,Bike,medium
241,28.676257,77.125201,Rohtak Road,Moderate,2023-11-07,22:27,2023-11-07 22:27:22,Clear,Auto,high
242,28.568975,77.302321,DND Flyway,Moderate,2024-07-05,08:49,2024-07-05 08:49:22,Clear,Truck,medium
243,28.579667,77.310603,DND Flyway,Moderate,2025-11-29,17:51,2025-11-29 17:51:22,Clear,Bus,medium
244,28.6789,77.117427,Rohtak Road,Minor,2023-11-03,19:31,2023-11-03 19:31:22,Rain,Bike,high
245,28.582054,77.303263,DND Flyway,Minor,2025-08-21,08:15,2025-08-21 08:15:22,Clear,Bike,medium
246,28.588508,77.055885,Dwarka Expressway,Severe,2023-04-30,16:52,2023-04-30 16:52:22,Fog,Auto,medium
247,28.64225,77.222956,G T Road,Moderate,2025-09-25,21:14,2025-09-25 21:14:22,Rain,Truck,high
248,28.672872,77.111645,Rohtak Road,Moderate,2024-12-25,20:25,2024-12-25 20:25:22,Clear,Car,high
249,28.453189,77.028828,MG Road,Fatal,2025-09-16,19:35,2025-09-16 19:35:22,Fog,Car,medium
250,28.703739,77.094881,Outer Ring Road,Minor,2025-02-01,20:48,2025-02-01 20:48:22,Rain,Truck,high
251,28.573252,77.310815,DND Flyway,Minor,2026-02-15,00:18,2026-02-15 00:18:22,Clear,Bus,medium
252,28.744382,77.064314,NH-44,Moderate,2023-05-02,16:59,2023-05-02 16:59:22,Clear,Car,high
253,28.583251,77.30498,DND Flyway,Minor,2023-09-07,17:13,2023-09-07 17:13:22,Clear,Auto,medium
254,28.582542,77.241162,Lodhi Road,Moderate,2023-09-09,06:43,2023-09-09 06:43:22,Fog,Car,low
255,28.594258,77.239982,Lodhi Road,Severe,2025-07-25,06:58,2025-07-25 06:58:22,Rain,Auto,low
256,28.525239,77.21297,Mathura Road,Fatal,2025-08-07,08:09,2025-08-07 08:09:22,Rain,Bus,medium
257,28.570682,77.300693,DND Flyway,Moderate,2024-10-04,18:18,2024-10-04 18:18:22,Clear,Bus,medium
258,28.628603,77.210899,Ring Road,Moderate,2023-09-06,00:03,2023-09-06 00:03:22,Clear,Auto,high
259,28.739779,77.058432,NH-44,Moderate,2023-06-18,10:17,2023-06-18 10:17:22,Clear,Bike,high
260,28.595088,77.240496,Lodhi Road,Severe,2025-06-05,17:33,2025-06-05 17:33:22,Clear,Bus,low
261,28.576377,77.306767,DND Flyway,Severe,2025-12-16,17:16,2025-12-16 17:16:22,Clear,Bus,medium
262,28.584765,77.308999,DND Flyway,Moderate,2025-09-07,16:31,2025-09-07 16:31:22,Heavy Rain,Bike,medium
263,28.639285,77.220646,Ring Road,Moderate,2025-07-16,21:38,2025-07-16 21:38:22,Clear,Bike,high
264,28.677571,77.11154,Rohtak Road,Fatal,2025-04-06,08:41,2025-04-06 08:41:22,Clear,Truck,high
265,28.588939,77.243422,Lodhi Road,Minor,2023-04-20,10:57,2023-04-20 10:57:22,Clear,Truck,low
266,28.597405,77.039043,Dwarka Expressway,Moderate,2024-12-01,08:12,2024-12-01 08:12:22,Clear,Bike,medium
267,28.632826,77.219289,Ring Road,Moderate,2023-05-18,13:15,2023-05-18 13:15:22,Fog,Auto,high
268,28.457718,77.025503,MG Road,Moderate,2024-07-21,16:59,2024-07-21 16:59:22,Clear,Bus,medium
269,28.756112,77.060643,NH-44,Minor,2025-12-01,17:04,2025-12-01 17:04:22,Rain,Car,high
270,28.592018,77.240947,Lodhi Road,Severe,2024-02-08,14:03,2024-02-08 14:03:22,Rain,Auto,low
271,28.65604,77.236163,G T Road,Minor,2025-10-25,14:30,2025-10-25 14:30:22,Fog,Car,high
272,28.589821,77.047984,Dwarka Expressway,Severe,2023-07-30,10:11,2023-07-30 10:11:22,Rain,Truck,medium
273,28.755357,77.076369,NH-44,Minor,2023-05-21,22:03,2023-05-21 22:03:22,Clear,Car,high
274,28.531751,77.212172,Mathura Road,Minor,2023-08-23,18:50,2023-08-23 18:50:22,Fog,Bus,medium
275,28.685968,77.118987,Rohtak Road,Minor,2023-08-11,12:50,2023-08-11 12:50:22,Clear,Car,high
276,28.597508,77.043232,Dwarka Expressway,Minor,2026-01-17,15:07,2026-01-17 15:07:22,Rain,Car,medium
277,28.582576,77.309679,DND Flyway,Minor,2023-11-20,09:00,2023-11-20 09:00:22,Fog,Bike,medium
278,28.650025,77.220346,G T Road,Moderate,2024-12-11,21:39,2024-12-11 21:39:22,Clear,Bike,high
279,28.751954,77.074906,NH-44,Minor,2024-12-12,07:20,2024-12-12 07:20:22,Clear,Bike,high
280,28.572372,77.298257,DND Flyway,Minor,2024-01-05,11:11,2024-01-05 11:11:22,Clear,Truck,medium
281,28.657478,77.230266,G T Road,Moderate,2025-11-24,21:08,2025-11-24 21:08:22,Clear,Bike,high
282,28.682523,77.121196,Rohtak Road,Severe,2024-03-29,16:25,2024-03-29 16:25:22,Rain,Car,high
283,28.524291,77.197594,Mathura Road,Fatal,2024-08-24,14:41,2024-08-24 14:41:22,Heavy Rain,Bus,medium
284,28.684252,77.121931,Rohtak Road,Moderate,2025-05-23,15:15,2025-05-23 15:15:22,Clear,Auto,high
285,28.683775,77.125178,Rohtak Road,Minor,2025-07-29,08:08,2025-07-29 08:08:22,Rain,Bus,high
286,28.679598,77.121236,Rohtak Road,Moderate,2024-05-11,00:20,2024-05-11 00:20:22,Clear,Auto,high
287,28.683846,77.127641,Rohtak Road,Moderate,2025-01-05,09:57,2025-01-05 09:57:22,Heavy Rain,Truck,high
288,28.588957,77.053274,Dwarka Expressway,Minor,2024-08-03,18:25,2024-08-03 18:25:22,Clear,Bus,medium
289,28.658536,77.232701,G T Road,Severe,2024-12-26,19:46,2024-12-26 19:46:22,Fog,Truck,high
290,28.675144,77.117544,Rohtak Road,Minor,2024-03-10,05:34,2024-03-10 05:34:22,Clear,Car,high
291,28.515284,77.208973,Mathura Road,Moderate,2025-08-13,17:35,2025-08-13 17:35:22,Rain,Bike,medium
292,28.592766,77.233707,Lodhi Road,Minor,2023-06-01,21:41,2023-06-01 21:41:22,Clear,Bike,low
293,28.626491,77.217317,Ring Road,Moderate,2023-06-29,16:27,2023-06-29 16:27:22,Clear,Car,high
294,28.638863,77.215759,Ring Road,Moderate,2023-06-21,16:00,2023-06-21 16:00:22,Clear,Bike,high
295,28.591797,77.23712,Lodhi Road,Minor,2024-01-21,13:00,2024-01-21 13:00:22,Clear,Truck,low
296,28.710872,77.110073,Outer Ring Road,Moderate,2023-05-03,20:30,2023-05-03 20:30:22,Clear,Truck,high
297,28.59574,77.037902,Dwarka Expressway,Moderate,2025-11-06,07:56,2025-11-06 07:56:22,Rain,Truck,medium
298,28.57675,77.315394,DND Flyway,Moderate,2024-05-18,19:17,2024-05-18 19:17:22,Fog,Auto,medium
299,28.675159,77.122903,Rohtak Road,Minor,2024-11-27,10:47,2024-11-27 10:47:22,Clear,Car,high
300,28.521137,77.211945,Mathura Road,Minor,2023-05-20,04:41,2023-05-20 04:41:22,Clear,Car,medium
301,28.711443,77.110618,Outer Ring Road,Minor,2023-07-22,18:30,2023-07-22 18:30:22,Heavy Rain,Car,high
302,28.683321,77.114131,Rohtak Road,Moderate,2024-08-04,19:14,2024-08-04 19:14:22,Clear,Bike,high
303,28.688919,77.124903,Rohtak Road,Moderate,2024-06-28,10:39,2024-06-28 10:39:22,Clear,Bus,high
304,28.533401,77.200502,Mathura Road,Minor,2024-08-24,21:34,2024-08-24 21:34:22,Clear,Truck,medium
305,28.678975,77.123343,Rohtak Road,Fatal,2024-06-02,18:02,2024-06-02 18:02:22,Fog,Car,high
306,28.46826,77.030644,MG Road,Minor,2024-06-27,20:18,2024-06-27 20:18:22,Clear,Car,medium
307,28.521521,77.200328,Mathura Road,Moderate,2025-12-27,06:38,2025-12-27 06:38:22,Rain,Bus,medium
308,28.625039,77.218004,Ring Road,Moderate,2024-10-30,07:52,2024-10-30 07:52:22,Clear,Bus,high
309,28.590948,77.245583,Lodhi Road,Minor,2025-04-28,06:49,2025-04-28 06:49:22,Clear,Truck,low
310,28.601886,77.05214,Dwarka Expressway,Moderate,2023-06-26,16:20,2023-06-26 16:20:22,Rain,Auto,medium
311,28.651441,77.22908,G T Road,Severe,2025-02-09,18:02,2025-02-09 18:02:22,Rain,Bus,high
312,28.757607,77.070174,NH-44,Moderate,2023-05-29,12:27,2023-05-29 12:27:22,Rain,Bike,high
313,28.683089,77.112736,Rohtak Road,Minor,2025-11-10,23:46,2025-11-10 23:46:22,Clear,Bike,high
314,28.708729,77.106298,Outer Ring Road,Severe,2024-01-18,06:26,2024-01-18 06:26:22,Rain,Car,high
315,28.585338,77.2432,Lodhi Road,Moderate,2024-07-07,18:15,2024-07-07 18:15:22,Rain,Car,low
316,28.465422,77.025504,MG Road,Severe,2025-10-27,06:45,2025-10-27 06:45:22,Clear,Bike,medium
317,28.688214,77.130818,Rohtak Road,Fatal,2024-10-02,07:25,2024-10-02 07:25:22,Rain,Bus,high
318,28.528968,77.199728,Mathura Road,Minor,2024-05-26,22:56,2024-05-26 22:56:22,Clear,Auto,medium
319,28.598695,77.038163,Dwarka Expressway,Moderate,2024-06-03,17:51,2024-06-03 17:51:22,Fog,Truck,medium
320,28.630152,77.21734,Ring Road,Moderate,2023-05-26,16:19,2023-05-26 16:19:22,Rain,Truck,high
321,28.564804,77.297456,DND Flyway,Fatal,2023-08-24,18:27,2023-08-24 18:27:22,Clear,Bike,medium
322,28.746179,77.0642,NH-44,Minor,2024-01-10,17:40,2024-01-10 17:40:22,Rain,Car,high
323,28.696795,77.107525,Outer Ring Road,Moderate,2024-08-16,15:12,2024-08-16 15:12:22,Clear,Truck,high
324,28.756678,77.064252,NH-44,Minor,2026-01-13,22:46,2026-01-13 22:46:22,Clear,Bike,high
325,28.694376,77.102632,Outer Ring Road,Minor,2023-08-23,21:17,2023-08-23 21:17:22,Rain,Bus,high
326,28.652392,77.229486,G T Road,Severe,2025-07-05,06:54,2025-07-05 06:54:22,Clear,Auto,high
327,28.652809,77.228067,G T Road,Minor,2023-09-27,06:31,2023-09-27 06:31:22,Clear,Auto,high
328,28.756328,77.074314,NH-44,Severe,2023-10-01,21:30,2023-10-01 21:30:22,Clear,Car,high
329,28.532215,77.201007,Mathura Road,Severe,2023-03-11,18:50,2023-03-11 18:50:22,Fog,Bike,medium
330,28.461044,77.028855,MG Road,Minor,2024-01-25,15:40,2024-01-25 15:40:22,Clear,Bus,medium
331,28.654322,77.229489,G T Road,Fatal,2024-04-26,08:40,2024-04-26 08:40:22,Rain,Bus,high
332,28.566133,77.307478,DND Flyway,Moderate,2024-09-13,21:41,2024-09-13 21:41:22,Rain,Auto,medium
333,28.466409,77.034315,MG Road,Minor,2025-04-01,09:55,2025-04-01 09:55:22,Clear,Bike,medium
334,28.525476,77.200568,Mathura Road,Severe,2025-08-15,18:44,2025-08-15 18:44:22,Clear,Bike,medium
335,28.533493,77.20744,Mathura Road,Minor,2023-05-02,18:09,2023-05-02 18:09:22,Clear,Auto,medium
336,28.529604,77.201363,Mathura Road,Moderate,2025-11-23,13:03,2025-11-23 13:03:22,Clear,Bike,medium
337,28.578978,77.296825,DND Flyway,Minor,2025-06-06,19:00,2025-06-06 19:00:22,Clear,Car,medium
338,28.706431,77.1062,Outer Ring Road,Moderate,2023-05-30,20:26,2023-05-30 20:26:22,Fog,Car,high
339,28.650744,77.229992,G T Road,Minor,2025-01-19,07:06,2025-01-19 07:06:22,Fog,Truck,high
340,28.704383,77.110668,Outer Ring Road,Minor,2023-07-15,11:29,2023-07-15 11:29:22,Rain,Bike,high
341,28.659722,77.226983,G T Road,Minor,2025-12-14,14:17,2025-12-14 14:17:22,Clear,Bike,high
342,28.518621,77.201952,Mathura Road,Minor,2025-03-14,06:02,2025-03-14 06:02:22,Clear,Auto,medium
343,28.709272,77.111242,Outer Ring Road,Minor,2025-09-02,04:02,2025-09-02 04:02:22,Rain,Bus,high
344,28.642765,77.229627,G T Road,Minor,2023-03-17,09:07,2023-03-17 09:07:22,Clear,Bike,high
345,28.601784,77.037094,Dwarka Expressway,Severe,2025-03-07,18:27,2025-03-07 18:27:22,Clear,Bus,medium
346,28.568973,77.307805,DND Flyway,Moderate,2026-02-23,15:29,2026-02-23 15:29:22,Fog,Auto,medium
347,28.689526,77.12028,Rohtak Road,Minor,2023-12-18,07:09,2023-12-18 07:09:22,Clear,Truck,high
348,28.567054,77.307611,DND Flyway,Minor,2024-01-19,18:41,2024-01-19 18:41:22,Rain,Auto,medium
349,28.676618,77.112245,Rohtak Road,Severe,2024-10-23,07:44,2024-10-23 07:44:22,Clear,Bus,high
350,28.590371,77.2519,Lodhi Road,Moderate,2023-04-29,06:11,2023-04-29 06:11:22,Clear,Truck,low
351,28.567864,77.314405,DND Flyway,Minor,2023-07-25,06:10,2023-07-25 06:10:22,Clear,Bike,medium
352,28.705715,77.094017,Outer Ring Road,Severe,2025-02-26,22:24,2025-02-26 22:24:22,Clear,Auto,high
353,28.533927,77.210014,Mathura Road,Moderate,2024-08-22,07:19,2024-08-22 07:19:22,Fog,Car,medium
354,28.646348,77.225767,G T Road,Minor,2024-01-08,15:04,2024-01-08 15:04:22,Clear,Bike,high
355,28.585118,77.041144,Dwarka Expressway,Minor,2024-01-05,16:56,2024-01-05 16:56:22,Clear,Truck,medium
356,28.583534,77.233153,Lodhi Road,Minor,2025-06-07,16:51,2025-06-07 16:51:22,Clear,Bus,low
357,28.712209,77.111308,Outer Ring Road,Minor,2024-09-30,17:28,2024-09-30 17:28:22,Clear,Bus,high
358,28.683098,77.123883,Rohtak Road,Minor,2023-03-11,13:04,2023-03-11 13:04:22,Rain,Truck,high
359,28.46183,77.028751,MG Road,Moderate,2025-09-15,23:04,2025-09-15 23:04:22,Clear,Truck,medium
360,28.750529,77.069818,NH-44,Minor,2025-10-23,21:54,2025-10-23 21:54:22,Clear,Auto,high
361,28.64394,77.239351,G T Road,Minor,2023-11-05,09:38,2023-11-05 09:38:22,Clear,Car,high
362,28.678731,77.123242,Rohtak Road,Minor,2023-04-16,17:15,2023-04-16 17:15:22,Clear,Auto,high
363,28.741612,77.06332,NH-44,Minor,2023-10-13,08:19,2023-10-13 08:19:22,Clear,Truck,high
364,28.524935,77.20813,Mathura Road,Minor,2025-07-19,18:49,2025-07-19 18:49:22,Rain,Auto,medium
365,28.685756,77.122855,Rohtak Road,Severe,2023-12-18,14:11,2023-12-18 14:11:22,Rain,Car,high
366,28.633294,77.221296,Ring Road,Moderate,2024-10-25,09:28,2024-10-25 09:28:22,Clear,Auto,high
367,28.759254,77.065885,NH-44,Moderate,2024-01-10,20:50,2024-01-10 20:50:22,Clear,Bus,high
368,28.579596,77.300925,DND Flyway,Fatal,2025-05-04,09:38,2025-05-04 09:38:22,Clear,Bus,medium
369,28.570871,77.309755,DND Flyway,Minor,2024-02-27,18:59,2024-02-27 18:59:22,Clear,Bike,medium
370,28.459485,77.021294,MG Road,Moderate,2025-12-07,16:41,2025-12-07 16:41:22,Rain,Bike,medium
371,28.633477,77.222302,Ring Road,Moderate,2023-07-28,06:14,2023-07-28 06:14:22,Rain,Bike,high
372,28.587533,77.053614,Dwarka Expressway,Moderate,2025-02-26,23:08,2025-02-26 23:08:22,Fog,Auto,medium
373,28.463271,77.035578,MG Road,Severe,2025-04-11,09:41,2025-04-11 09:41:22,Clear,Car,medium
374,28.588438,77.039738,Dwarka Expressway,Fatal,2024-05-16,08:33,2024-05-16 08:33:22,Clear,Auto,medium
375,28.594145,77.04279,Dwarka Expressway,Severe,2023-11-29,19:47,2023-11-29 19:47:22,Clear,Bike,medium
376,28.681242,77.11339,Rohtak Road,Moderate,2025-12-21,18:14,2025-12-21 18:14:22,Fog,Car,high
377,28.694347,77.104951,Outer Ring Road,Minor,2024-06-25,19:09,2024-06-25 19:09:22,Clear,Bus,high
378,28.583445,77.038725,Dwarka Expressway,Minor,2023-12-05,18:43,2023-12-05 18:43:22,Clear,Bus,medium
379,28.711493,77.093954,Outer Ring Road,Minor,2025-08-17,10:23,2025-08-17 10:23:22,Clear,Bike,high
380,28.565967,77.303689,DND Flyway,Minor,2023-03-16,09:48,2023-03-16 09:48:22,Clear,Auto,medium
381,28.678984,77.114872,Rohtak Road,Moderate,2025-11-21,09:31,2025-11-21 09:31:22,Clear,Bus,high
382,28.628521,77.207975,Ring Road,Fatal,2023-06-13,20:02,2023-06-13 20:02:22,Rain,Bus,high
383,28.598923,77.055879,Dwarka Expressway,Severe,2024-05-22,08:12,2024-05-22 08:12:22,Rain,Car,medium
384,28.531619,77.198236,Mathura Road,Moderate,2023-03-26,12:24,2023-03-26 12:24:22,Clear,Truck,medium
385,28.680347,77.125231,Rohtak Road,Minor,2024-10-02,18:04,2024-10-02 18:04:22,Rain,Truck,high
386,28.630441,77.208638,Ring Road,Minor,2024-03-30,12:10,2024-03-30 12:10:22,Clear,Car,high
387,28.641274,77.222309,G T Road,Moderate,2025-01-29,17:06,2025-01-29 17:06:22,Clear,Truck,high
388,28.757291,77.057914,NH-44,Severe,2023-04-29,15:35,2023-04-29 15:35:22,Rain,Car,high
389,28.588955,77.237671,Lodhi Road,Minor,2023-04-23,17:40,2023-04-23 17:40:22,Clear,Bike,low
390,28.626677,77.214854,Ring Road,Fatal,2023-06-17,06:34,2023-06-17 06:34:22,Clear,Bike,high
391,28.580985,77.297834,DND Flyway,Minor,2025-04-18,18:39,2025-04-18 18:39:22,Rain,Auto,medium
392,28.654004,77.227893,G T Road,Minor,2024-02-07,08:51,2024-02-07 08:51:22,Rain,Bus,high
393,28.585001,77.04832,Dwarka Expressway,Minor,2024-11-07,15:28,2024-11-07 15:28:22,Clear,Car,medium
394,28.587569,77.251355,Lodhi Road,Moderate,2023-09-14,19:37,2023-09-14 19:37:22,Clear,Truck,low
395,28.582618,77.233828,Lodhi Road,Minor,2024-09-09,05:25,2024-09-09 05:25:22,Clear,Truck,low
396,28.569525,77.3148,DND Flyway,Moderate,2025-04-14,11:33,2025-04-14 11:33:22,Clear,Bus,medium
397,28.651688,77.234395,G T Road,Fatal,2023-09-14,11:28,2023-09-14 11:28:22,Fog,Bus,high
398,28.703939,77.094887,Outer Ring Road,Severe,2024-03-26,00:06,2024-03-26 00:06:22,Clear,Car,high
399,28.455349,77.027314,MG Road,Fatal,2024-01-19,12:42,2024-01-19 12:42:22,Clear,Bus,medium
400,28.743186,77.068838,NH-44,Moderate,2025-04-22,17:38,2025-04-22 17:38:22,Heavy Rain,Truck,high
401,28.69799,77.105724,Outer Ring Road,Moderate,2024-07-26,07:45,2024-07-26 07:45:22,Heavy Rain,Car,high
402,28.601548,77.054113,Dwarka Expressway,Minor,2024-09-27,16:46,2024-09-27 16:46:22,Clear,Bus,medium
403,28.747683,77.071923,NH-44,Severe,2026-01-07,14:29,2026-01-07 14:29:22,Rain,Truck,high
404,28.585054,77.240604,Lodhi Road,Minor,2025-01-03,11:41,2025-01-03 11:41:22,Clear,Bus,low
405,28.454446,77.03194,MG Road,Moderate,2024-06-20,07:35,2024-06-20 07:35:22,Clear,Bus,medium
406,28.637704,77.220919,Ring Road,Minor,2024-02-20,11:51,2024-02-20 11:51:22,Clear,Auto,high
407,28.461067,77.019887,MG Road,Minor,2024-07-23,06:49,2024-07-23 06:49:22,Rain,Truck,medium
408,28.524644,77.204271,Mathura Road,Minor,2025-03-16,20:15,2025-03-16 20:15:22,Clear,Bike,medium
409,28.63213,77.208496,Ring Road,Minor,2023-03-12,09:01,2023-03-12 09:01:22,Clear,Bike,high
410,28.461332,77.016887,MG Road,Minor,2023-12-19,16:01,2023-12-19 16:01:22,Clear,Car,medium
411,28.744486,77.069296,NH-44,Minor,2024-02-16,20:47,2024-02-16 20:47:22,Fog,Car,high
412,28.688328,77.121084,Rohtak Road,Severe,2023-06-19,07:31,2023-06-19 07:31:22,Clear,Auto,high
413,28.583005,77.0367,Dwarka Expressway,Minor,2025-04-04,19:04,2025-04-04 19:04:22,Fog,Auto,medium
414,28.572465,77.300276,DND Flyway,Moderate,2024-07-14,22:51,2024-07-14 22:51:22,Clear,Bus,medium
415,28.710769,77.102455,Outer Ring Road,Minor,2023-06-23,11:00,2023-06-23 11:00:22,Clear,Auto,high
416,28.455177,77.019187,MG Road,Minor,2024-08-12,08:10,2024-08-12 08:10:22,Fog,Bus,medium
417,28.589828,77.054963,Dwarka Expressway,Moderate,2025-07-07,16:33,2025-07-07 16:33:22,Clear,Bus,medium
418,28.597529,77.243046,Lodhi Road,Moderate,2024-12-25,11:03,2024-12-25 11:03:22,Clear,Bike,low
419,28.571768,77.30065,DND Flyway,Fatal,2024-01-01,06:07,2024-01-01 06:07:22,Clear,Bike,medium
420,28.659556,77.232373,G T Road,Minor,2025-09-02,14:42,2025-09-02 14:42:22,Clear,Auto,high
421,28.456248,77.020891,MG Road,Severe,2025-04-14,21:14,2025-04-14 21:14:22,Clear,Truck,medium
422,28.655168,77.235932,G T Road,Moderate,2023-09-29,14:00,2023-09-29 14:00:22,Heavy Rain,Auto,high
423,28.571208,77.30264,DND Flyway,Minor,2025-09-04,10:15,2025-09-04 10:15:22,Clear,Auto,medium
424,28.74773,77.061822,NH-44,Moderate,2025-11-02,14:27,2025-11-02 14:27:22,Clear,Bus,high
425,28.46462,77.031504,MG Road,Moderate,2023-04-23,17:04,2023-04-23 17:04:22,Clear,Bus,medium
426,28.674751,77.116899,Rohtak Road,Moderate,2024-04-27,06:59,2024-04-27 06:59:22,Clear,Auto,high
427,28.75395,77.061577,NH-44,Minor,2025-09-23,16:04,2025-09-23 16:04:22,Rain,Truck,high
428,28.638113,77.217554,Ring Road,Minor,2025-09-03,00:19,2025-09-03 00:19:22,Fog,Car,high
429,28.623304,77.220271,Ring Road,Minor,2023-07-22,21:11,2023-07-22 21:11:22,Rain,Bus,high
430,28.586579,77.055269,Dwarka Expressway,Fatal,2025-04-09,21:14,2025-04-09 21:14:22,Fog,Bus,medium
431,28.569783,77.307625,DND Flyway,Moderate,2023-07-30,11:35,2023-07-30 11:35:22,Clear,Truck,medium
432,28.655423,77.231722,G T Road,Minor,2025-05-11,20:21,2025-05-11 20:21:22,Clear,Bike,high
433,28.680393,77.128547,Rohtak Road,Minor,2025-11-19,19:31,2025-11-19 19:31:22,Clear,Auto,high
434,28.741178,77.075525,NH-44,Minor,2024-06-04,12:07,2024-06-04 12:07:22,Rain,Bike,high
435,28.575567,77.311416,DND Flyway,Minor,2025-11-25,07:30,2025-11-25 07:30:22,Clear,Car,medium
436,28.624555,77.218391,Ring Road,Moderate,2023-07-26,17:59,2023-07-26 17:59:22,Clear,Truck,high
437,28.64094,77.237039,G T Road,Moderate,2025-06-17,15:00,2025-06-17 15:00:22,Rain,Bike,high
438,28.746716,77.063034,NH-44,Minor,2024-09-24,09:20,2024-09-24 09:20:22,Clear,Bus,high
439,28.750714,77.061864,NH-44,Minor,2023-08-06,18:07,2023-08-06 18:07:22,Clear,Car,high
440,28.583308,77.310503,DND Flyway,Minor,2024-03-01,18:15,2024-03-01 18:15:22,Clear,Bus,medium
441,28.465862,77.022754,MG Road,Minor,2023-04-15,08:24,2023-04-15 08:24:22,Rain,Bike,medium
442,28.624729,77.219523,Ring Road,Minor,2026-01-04,17:34,2026-01-04 17:34:22,Clear,Bike,high
443,28.707171,77.098199,Outer Ring Road,Severe,2024-02-14,17:26,2024-02-14 17:26:22,Clear,Auto,high
444,28.568433,77.303121,DND Flyway,Minor,2024-06-24,15:59,2024-06-24 15:59:22,Clear,Car,medium
445,28.709826,77.107437,Outer Ring Road,Minor,2023-12-22,04:01,2023-12-22 04:01:22,Fog,Car,high
446,28.634755,77.213648,Ring Road,Moderate,2024-04-12,17:12,2024-04-12 17:12:22,Clear,Truck,high
447,28.517144,77.212244,Mathura Road,Minor,2023-09-16,09:07,2023-09-16 09:07:22,Clear,Auto,medium
448,28.701332,77.10455,Outer Ring Road,Minor,2023-09-12,09:11,2023-09-12 09:11:22,Clear,Bus,high
449,28.748566,77.057424,NH-44,Fatal,2024-11-08,07:29,2024-11-08 07:29:22,Rain,Bus,high
450,28.678153,77.122935,Rohtak Road,Moderate,2024-06-25,18:37,2024-06-25 18:37:22,Rain,Bike,high
451,28.526711,77.205434,Mathura Road,Severe,2025-10-10,18:05,2025-10-10 18:05:22,Rain,Car,medium
452,28.58636,77.241549,Lodhi Road,Severe,2023-10-17,18:19,2023-10-17 18:19:22,Fog,Car,low
453,28.674215,77.126076,Rohtak Road,Moderate,2024-07-01,07:48,2024-07-01 07:48:22,Rain,Auto,high
454,28.640843,77.214994,Ring Road,Fatal,2025-01-29,06:38,2025-01-29 06:38:22,Fog,Bus,high
455,28.740147,77.07441,NH-44,Minor,2024-12-05,22:30,2024-12-05 22:30:22,Clear,Truck,high
456,28.52336,77.21378,Mathura Road,Minor,2023-05-30,19:24,2023-05-30 19:24:22,Clear,Bus,medium
457,28.574817,77.298425,DND Flyway,Minor,2025-01-13,09:15,2025-01-13 09:15:22,Clear,Bike,medium
458,28.634882,77.224001,Ring Road,Moderate,2025-07-01,08:42,2025-07-01 08:42:22,Rain,Bus,high
459,28.633515,77.218011,Ring Road,Minor,2024-03-14,09:45,2024-03-14 09:45:22,Clear,Bus,high
460,28.585645,77.245372,Lodhi Road,Minor,2025-12-05,21:04,2025-12-05 21:04:22,Clear,Car,low
461,28.758312,77.073165,NH-44,Moderate,2023-10-13,16:41,2023-10-13 16:41:22,Clear,Auto,high
462,28.696612,77.106068,Outer Ring Road,Minor,2026-01-25,08:29,2026-01-25 08:29:22,Fog,Car,high
463,28.526608,77.198183,Mathura Road,Moderate,2025-12-27,17:14,2025-12-27 17:14:22,Rain,Truck,medium
464,28.62994,77.214022,Ring Road,Moderate,2025-04-18,01:48,2025-04-18 01:48:22,Fog,Truck,high
465,28.759038,77.074244,NH-44,Minor,2025-09-05,04:22,2025-09-05 04:22:22,Clear,Truck,high
466,28.596605,77.037968,Dwarka Expressway,Moderate,2023-07-20,17:24,2023-07-20 17:24:22,Fog,Truck,medium
467,28.595623,77.24149,Lodhi Road,Fatal,2023-07-23,06:37,2023-07-23 06:37:22,Rain,Car,low
468,28.584409,77.252809,Lodhi Road,Moderate,2023-03-31,13:56,2023-03-31 13:56:22,Clear,Bike,low
469,28.678612,77.115644,Rohtak Road,Severe,2025-07-02,17:52,2025-07-02 17:52:22,Clear,Bike,high
470,28.597367,77.043648,Dwarka Expressway,Fatal,2025-06-12,19:57,2025-06-12 19:57:22,Clear,Car,medium
471,28.515113,77.212343,Mathura Road,Minor,2024-02-21,06:47,2024-02-21 06:47:22,Clear,Bike,medium
472,28.455859,77.027785,MG Road,Moderate,2023-10-31,19:55,2023-10-31 19:55:22,Rain,Bus,medium
473,28.707581,77.092906,Outer Ring Road,Severe,2024-08-17,09:35,2024-08-17 09:35:22,Rain,Bike,high
474,28.588849,77.048708,Dwarka Expressway,Minor,2023-03-28,18:46,2023-03-28 18:46:22,Clear,Auto,medium
475,28.637063,77.212365,Ring Road,Moderate,2023-03-31,08:43,2023-03-31 08:43:22,Clear,Auto,high
476,28.583464,77.054929,Dwarka Expressway,Severe,2025-07-31,05:42,2025-07-31 05:42:22,Rain,Auto,medium
477,28.657939,77.234731,G T Road,Minor,2023-11-16,17:54,2023-11-16 17:54:22,Clear,Bike,high
478,28.749164,77.063055,NH-44,Minor,2025-01-29,19:39,2025-01-29 19:39:22,Clear,Truck,high
479,28.62879,77.212415,Ring Road,Severe,2023-09-05,22:10,2023-09-05 22:10:22,Clear,Car,high
480,28.639658,77.210562,Ring Road,Moderate,2023-07-18,08:02,2023-07-18 08:02:22,Heavy Rain,Car,high
481,28.632055,77.211522,Ring Road,Severe,2024-05-05,07:03,2024-05-05 07:03:22,Clear,Auto,high
482,28.584531,77.05133,Dwarka Expressway,Moderate,2024-01-21,16:18,2024-01-21 16:18:22,Clear,Truck,medium
483,28.639968,77.215663,Ring Road,Moderate,2023-02-27,08:33,2023-02-27 08:33:22,Fog,Truck,high
484,28.523867,77.21012,Mathura Road,Moderate,2026-02-16,18:59,2026-02-16 18:59:22,Rain,Bike,medium
485,28.633239,77.226665,Ring Road,Moderate,2023-07-17,11:10,2023-07-17 11:10:22,Fog,Truck,high
486,28.449731,77.026383,MG Road,Fatal,2023-05-16,01:14,2023-05-16 01:14:22,Rain,Truck,medium
487,28.637202,77.223958,Ring Road,Minor,2023-08-31,17:58,2023-08-31 17:58:22,Clear,Bus,high
488,28.594533,77.047901,Dwarka Expressway,Minor,2025-10-08,08:25,2025-10-08 08:25:22,Clear,Truck,medium
489,28.744166,77.076582,NH-44,Moderate,2023-07-04,18:41,2023-07-04 18:41:22,Clear,Auto,high
490,28.585309,77.242486,Lodhi Road,Fatal,2025-07-26,18:27,2025-07-26 18:27:22,Rain,Bike,low
491,28.521973,77.211199,Mathura Road,Moderate,2023-05-03,19:26,2023-05-03 19:26:22,Heavy Rain,Truck,medium
492,28.631448,77.215047,Ring Road,Minor,2024-03-25,02:29,2024-03-25 02:29:22,Clear,Truck,high
493,28.740474,77.070669,NH-44,Severe,2025-06-28,13:36,2025-06-28 13:36:22,Clear,Truck,high
494,28.638797,77.223339,Ring Road,Minor,2025-08-25,20:27,2025-08-25 20:27:22,Rain,Bike,high
495,28.680918,77.113494,Rohtak Road,Fatal,2024-02-04,19:10,2024-02-04 19:10:22,Rain,Bus,high
496,28.638883,77.20973,Ring Road,Minor,2025-12-15,00:46,2025-12-15 00:46:22,Clear,Truck,high
497,28.520644,77.216256,Mathura Road,Minor,2026-01-06,02:31,2026-01-06 02:31:22,Rain,Bus,medium
498,28.516265,77.198559,Mathura Road,Minor,2024-10-31,06:11,2024-10-31 06:11:22,Clear,Car,medium
499,28.58107,77.304392,DND Flyway,Moderate,2024-08-05,20:40,2024-08-05 20:40:22,Clear,Truck,medium
500,28.656433,77.229216,G T Road,Minor,2025-06-18,18:52,2025-06-18 18:52:22,Rain,Bus,high
501,28.58713,77.248983,Lodhi Road,Fatal,2023-04-29,10:31,2023-04-29 10:31:22,Clear,Bike,low
502,28.712431,77.101599,Outer Ring Road,Severe,2026-02-08,09:48,2026-02-08 09:48:22,Rain,Bike,high
503,28.625285,77.223206,Ring Road,Minor,2024-05-26,18:50,2024-05-26 18:50:22,Clear,Bike,high
504,28.58884,77.2402,Lodhi Road,Minor,2023-10-17,02:14,2023-10-17 02:14:22,Clear,Auto,low
505,28.68353,77.128994,Rohtak Road,Minor,2024-08-01,06:50,2024-08-01 06:50:22,Rain,Auto,high
506,28.532291,77.207701,Mathura Road,Minor,2024-10-21,07:30,2024-10-21 07:30:22,Clear,Truck,medium
507,28.701216,77.094724,Outer Ring Road,Moderate,2023-11-23,21:07,2023-11-23 21:07:22,Clear,Auto,high
508,28.526489,77.196808,Mathura Road,Moderate,2025-03-16,06:00,2025-03-16 06:00:22,Clear,Bus,medium
509,28.673423,77.13,Rohtak Road,Severe,2025-10-14,11:36,2025-10-14 11:36:22,Clear,Auto,high
510,28.690923,77.126341,Rohtak Road,Moderate,2025-10-28,07:26,2025-10-28 07:26:22,Clear,Auto,high
511,28.60065,77.040497,Dwarka Expressway,Minor,2023-12-08,14:45,2023-12-08 14:45:22,Rain,Bus,medium
512,28.52854,77.204345,Mathura Road,Moderate,2025-02-06,08:49,2025-02-06 08:49:22,Clear,Truck,medium
513,28.758052,77.064342,NH-44,Moderate,2024-12-10,14:56,2024-12-10 14:56:22,Rain,Auto,high
514,28.700447,77.109279,Outer Ring Road,Moderate,2024-08-21,14:16,2024-08-21 14:16:22,Rain,Auto,high
515,28.531139,77.205412,Mathura Road,Severe,2025-11-05,15:53,2025-11-05 15:53:22,Clear,Car,medium
516,28.458834,77.028671,MG Road,Moderate,2023-04-08,04:50,2023-04-08 04:50:22,Rain,Bus,medium
517,28.630252,77.213041,Ring Road,Minor,2023-08-20,16:49,2023-08-20 16:49:22,Clear,Bike,high
518,28.630724,77.219965,Ring Road,Minor,2023-12-22,17:14,2023-12-22 17:14:22,Clear,Bike,high
519,28.752364,77.068358,NH-44,Moderate,2023-04-30,21:19,2023-04-30 21:19:22,Rain,Car,high
520,28.659015,77.23968,G T Road,Severe,2024-11-20,10:42,2024-11-20 10:42:22,Fog,Bike,high
521,28.58791,77.234678,Lodhi Road,Severe,2023-09-25,06:06,2023-09-25 06:06:22,Rain,Bus,low
522,28.577568,77.310976,DND Flyway,Minor,2023-12-11,07:40,2023-12-11 07:40:22,Clear,Car,medium
523,28.583128,77.242691,Lodhi Road,Minor,2023-07-22,22:24,2023-07-22 22:24:22,Clear,Auto,low
524,28.594587,77.243086,Lodhi Road,Minor,2024-01-16,17:47,2024-01-16 17:47:22,Rain,Auto,low
525,28.748845,77.076627,NH-44,Severe,2025-03-09,16:10,2025-03-09 16:10:22,Clear,Car,high
526,28.453334,77.029028,MG Road,Moderate,2025-11-10,21:31,2025-11-10 21:31:22,Clear,Car,medium
527,28.450759,77.017418,MG Road,Moderate,2023-06-17,20:37,2023-06-17 20:37:22,Clear,Car,medium
528,28.58347,77.054657,Dwarka Expressway,Minor,2024-12-16,07:00,2024-12-16 07:00:22,Rain,Car,medium
529,28.752185,77.072114,NH-44,Severe,2024-07-05,09:17,2024-07-05 09:17:22,Rain,Car,high
530,28.685694,77.13133,Rohtak Road,Minor,2023-08-01,19:00,2023-08-01 19:00:22,Clear,Truck,high
531,28.641802,77.239782,G T Road,Moderate,2025-07-13,08:49,2025-07-13 08:49:22,Clear,Auto,high
532,28.642451,77.220507,G T Road,Moderate,2025-03-08,17:57,2025-03-08 17:57:22,Clear,Auto,high
533,28.751205,77.069299,NH-44,Moderate,2024-11-22,16:36,2024-11-22 16:36:22,Clear,Car,high
534,28.592032,77.049489,Dwarka Expressway,Severe,2026-01-26,14:42,2026-01-26 14:42:22,Heavy Rain,Bike,medium
535,28.573599,77.312145,DND Flyway,Minor,2023-07-14,16:07,2023-07-14 16:07:22,Clear,Truck,medium
536,28.682274,77.11947,Rohtak Road,Severe,2024-06-07,05:05,2024-06-07 05:05:22,Clear,Truck,high
537,28.589648,77.234069,Lodhi Road,Minor,2025-05-10,17:10,2025-05-10 17:10:22,Clear,Auto,low
538,28.464752,77.019317,MG Road,Moderate,2023-10-08,16:57,2023-10-08 16:57:22,Clear,Truck,medium
539,28.457719,77.017099,MG Road,Minor,2023-12-28,15:26,2023-12-28 15:26:22,Clear,Car,medium
540,28.586838,77.03741,Dwarka Expressway,Moderate,2023-03-04,17:35,2023-03-04 17:35:22,Clear,Bike,medium
541,28.468625,77.018416,MG Road,Moderate,2024-09-07,07:23,2024-09-07 07:23:22,Clear,Car,medium
542,28.632826,77.219737,Ring Road,Minor,2023-09-01,19:58,2023-09-01 19:58:22,Clear,Car,high
543,28.570266,77.310872,DND Flyway,Minor,2025-03-24,21:12,2025-03-24 21:12:22,Clear,Car,medium
544,28.652594,77.227176,G T Road,Minor,2025-06-26,10:01,2025-06-26 10:01:22,Clear,Auto,high
545,28.675777,77.125606,Rohtak Road,Moderate,2023-08-19,00:05,2023-08-19 00:05:22,Clear,Bike,high
546,28.575834,77.302389,DND Flyway,Severe,2025-12-14,17:47,2025-12-14 17:47:22,Clear,Truck,medium
547,28.754373,77.071958,NH-44,Minor,2025-05-24,09:10,2025-05-24 09:10:22,Clear,Bike,high
548,28.58635,77.045434,Dwarka Expressway,Moderate,2025-01-24,17:54,2025-01-24 17:54:22,Rain,Car,medium
549,28.594246,77.042115,Dwarka Expressway,Moderate,2026-02-01,20:34,2026-02-01 20:34:22,Clear,Car,medium
550,28.749744,77.057946,NH-44,Minor,2024-05-31,07:00,2024-05-31 07:00:22,Clear,Bus,high
551,28.678121,77.117036,Rohtak Road,Minor,2023-05-20,17:41,2023-05-20 17:41:22,Clear,Car,high
552,28.59161,77.235832,Lodhi Road,Moderate,2025-12-28,10:07,2025-12-28 10:07:22,Rain,Truck,low
553,28.56813,77.301456,DND Flyway,Moderate,2023-12-03,20:38,2023-12-03 20:38:22,Rain,Bike,medium
554,28.462999,77.024702,MG Road,Moderate,2025-06-24,17:25,2025-06-24 17:25:22,Rain,Truck,medium
555,28.648894,77.222737,G T Road,Minor,2024-02-20,07:39,2024-02-20 07:39:22,Clear,Truck,high
556,28.566522,77.298863,DND Flyway,Moderate,2025-07-23,01:59,2025-07-23 01:59:22,Clear,Auto,medium
557,28.62843,77.221411,Ring Road,Moderate,2023-07-18,16:40,2023-07-18 16:40:22,Rain,Bus,high
558,28.449879,77.019507,MG Road,Severe,2026-02-16,23:26,2026-02-16 23:26:22,Rain,Truck,medium
559,28.687996,77.118418,Rohtak Road,Fatal,2025-08-09,07:15,2025-08-09 07:15:22,Clear,Auto,high
560,28.452149,77.021938,MG Road,Moderate,2023-11-14,03:41,2023-11-14 03:41:22,Rain,Truck,medium
561,28.594468,77.236775,Lodhi Road,Moderate,2023-11-06,07:13,2023-11-06 07:13:22,Clear,Truck,low
562,28.586429,77.234611,Lodhi Road,Fatal,2024-12-21,17:29,2024-12-21 17:29:22,Clear,Car,low
563,28.597046,77.246714,Lodhi Road,Minor,2025-07-15,12:23,2025-07-15 12:23:22,Clear,Bus,low
564,28.590875,77.044491,Dwarka Expressway,Moderate,2024-03-07,13:17,2024-03-07 13:17:22,Clear,Bike,medium
565,28.585496,77.234577,Lodhi Road,Moderate,2023-05-16,20:47,2023-05-16 20:47:22,Clear,Auto,low
566,28.456121,77.035894,MG Road,Moderate,2025-03-01,22:16,2025-03-01 22:16:22,Rain,Bike,medium
567,28.652858,77.227949,G T Road,Fatal,2025-05-07,19:06,2025-05-07 19:06:22,Rain,Bus,high
568,28.595789,77.246486,Lodhi Road,Minor,2024-05-31,07:33,2024-05-31 07:33:22,Rain,Auto,low
569,28.70696,77.101844,Outer Ring Road,Severe,2023-10-17,15:16,2023-10-17 15:16:22,Rain,Car,high
570,28.596709,77.241745,Lodhi Road,Moderate,2025-03-07,08:18,2025-03-07 08:18:22,Clear,Bike,low
571,28.587036,77.233425,Lodhi Road,Minor,2023-06-14,08:25,2023-06-14 08:25:22,Clear,Truck,low
572,28.68364,77.125461,Rohtak Road,Severe,2024-03-23,08:22,2024-03-23 08:22:22,Clear,Car,high
573,28.659139,77.237452,G T Road,Fatal,2025-12-19,18:16,2025-12-19 18:16:22,Clear,Truck,high
574,28.629124,77.21457,Ring Road,Minor,2025-11-10,07:59,2025-11-10 07:59:22,Clear,Bus,high
575,28.634429,77.214604,Ring Road,Moderate,2023-07-17,21:04,2023-07-17 21:04:22,Rain,Auto,high
576,28.594837,77.055255,Dwarka Expressway,Moderate,2023-03-13,19:12,2023-03-13 19:12:22,Clear,Auto,medium
577,28.678038,77.118682,Rohtak Road,Moderate,2024-10-04,07:56,2024-10-04 07:56:22,Clear,Auto,high
578,28.675284,77.121094,Rohtak Road,Moderate,2024-08-26,16:08,2024-08-26 16:08:22,Rain,Bike,high
579,28.630323,77.225235,Ring Road,Fatal,2025-10-11,06:47,2025-10-11 06:47:22,Clear,Truck,high
580,28.625018,77.21324,Ring Road,Minor,2025-01-16,20:45,2025-01-16 20:45:22,Fog,Bus,high
581,28.520222,77.204479,Mathura Road,Minor,2024-07-05,10:31,2024-07-05 10:31:22,Fog,Auto,medium
582,28.752575,77.076734,NH-44,Minor,2026-02-24,09:17,2026-02-24 09:17:22,Rain,Bike,high
583,28.673797,77.127812,Rohtak Road,Severe,2023-03-16,20:53,2023-03-16 20:53:22,Clear,Car,high
584,28.690252,77.117452,Rohtak Road,Fatal,2023-08-14,09:10,2023-08-14 09:10:22,Fog,Truck,high
585,28.453305,77.021654,MG Road,Moderate,2024-04-19,20:32,2024-04-19 20:32:22,Rain,Car,medium
586,28.696944,77.098965,Outer Ring Road,Moderate,2025-11-10,08:45,2025-11-10 08:45:22,Clear,Bike,high
587,28.516731,77.207576,Mathura Road,Minor,2025-05-28,23:08,2025-05-28 23:08:22,Rain,Bus,medium
588,28.655564,77.238488,G T Road,Moderate,2024-12-02,20:48,2024-12-02 20:48:22,Clear,Bus,high
589,28.466127,77.01974,MG Road,Severe,2026-02-15,20:20,2026-02-15 20:20:22,Clear,Truck,medium
590,28.524687,77.20267,Mathura Road,Fatal,2024-02-07,10:59,2024-02-07 10:59:22,Heavy Rain,Truck,medium
591,28.623372,77.225276,Ring Road,Minor,2025-02-14,09:42,2025-02-14 09:42:22,Clear,Bike,high
592,28.687856,77.113264,Rohtak Road,Minor,2023-11-13,17:25,2023-11-13 17:25:22,Clear,Car,high
593,28.632037,77.2192,Ring Road,Moderate,2026-01-12,19:45,2026-01-12 19:45:22,Rain,Bus,high
594,28.695913,77.094753,Outer Ring Road,Severe,2023-09-17,19:43,2023-09-17 19:43:22,Rain,Car,high
595,28.520933,77.212198,Mathura Road,Minor,2024-03-24,13:16,2024-03-24 13:16:22,Clear,Car,medium
596,28.532349,77.212697,Mathura Road,Moderate,2023-12-08,16:14,2023-12-08 16:14:22,Clear,Truck,medium
597,28.654276,77.233863,G T Road,Minor,2025-12-23,08:39,2025-12-23 08:39:22,Clear,Bike,high
598,28.623795,77.224756,Ring Road,Moderate,2025-04-10,19:11,2025-04-10 19:11:22,Rain,Bus,high
599,28.462807,77.017041,MG Road,Minor,2023-10-04,16:27,2023-10-04 16:27:22,Fog,Bike,medium
600,28.577494,77.305364,DND Flyway,Minor,2023-04-28,06:02,2023-04-28 06:02:22,Clear,Car,medium
601,28.753583,77.074576,NH-44,Minor,2023-11-13,22:49,2023-11-13 22:49:22,Clear,Bus,high
602,28.640656,77.217192,Ring Road,Moderate,2023-09-17,21:57,2023-09-17 21:57:22,Rain,Truck,high
603,28.581513,77.315637,DND Flyway,Minor,2025-01-14,20:43,2025-01-14 20:43:22,Clear,Bike,medium
604,28.592222,77.048643,Dwarka Expressway,Moderate,2025-08-21,18:48,2025-08-21 18:48:22,Rain,Auto,medium
605,28.57925,77.308218,DND Flyway,Moderate,2025-07-19,07:28,2025-07-19 07:28:22,Clear,Bike,medium
606,28.577443,77.301671,DND Flyway,Minor,2023-10-13,09:19,2023-10-13 09:19:22,Clear,Car,medium
607,28.703972,77.098269,Outer Ring Road,Severe,2024-09-06,19:02,2024-09-06 19:02:22,Clear,Truck,high
608,28.593386,77.24883,Lodhi Road,Minor,2025-06-23,15:18,2025-06-23 15:18:22,Clear,Bike,low
609,28.590661,77.03643,Dwarka Expressway,Fatal,2023-07-04,11:24,2023-07-04 11:24:22,Rain,Truck,medium
610,28.576112,77.311191,DND Flyway,Severe,2023-08-17,20:23,2023-08-17 20:23:22,Clear,Auto,medium
611,28.522678,77.212291,Mathura Road,Moderate,2024-12-13,06:25,2024-12-13 06:25:22,Clear,Car,medium
612,28.582623,77.041285,Dwarka Expressway,Minor,2025-01-12,18:58,2025-01-12 18:58:22,Clear,Bike,medium
613,28.712226,77.100686,Outer Ring Road,Moderate,2025-06-11,16:09,2025-06-11 16:09:22,Rain,Auto,high
614,28.462263,77.0295,MG Road,Moderate,2023-04-15,17:37,2023-04-15 17:37:22,Rain,Bike,medium
615,28.580993,77.244685,Lodhi Road,Severe,2024-02-01,09:54,2024-02-01 09:54:22,Clear,Car,low
616,28.597523,77.242568,Lodhi Road,Fatal,2026-02-01,21:10,2026-02-01 21:10:22,Rain,Car,low
617,28.520797,77.213496,Mathura Road,Minor,2024-04-14,08:04,2024-04-14 08:04:22,Rain,Bike,medium
618,28.638996,77.217045,Ring Road,Minor,2025-01-29,23:05,2025-01-29 23:05:22,Heavy Rain,Bus,high
619,28.744379,77.072046,NH-44,Minor,2023-07-23,07:38,2023-07-23 07:38:22,Clear,Bike,high
620,28.694211,77.093465,Outer Ring Road,Minor,2024-06-26,07:14,2024-06-26 07:14:22,Clear,Auto,high
621,28.689077,77.128052,Rohtak Road,Minor,2023-08-30,12:13,2023-08-30 12:13:22,Clear,Truck,high
622,28.641171,77.22541,Ring Road,Minor,2023-11-27,10:17,2023-11-27 10:17:22,Clear,Car,high
623,28.641128,77.214906,Ring Road,Moderate,2024-11-20,13:35,2024-11-20 13:35:22,Fog,Bus,high
624,28.644188,77.220875,G T Road,Severe,2024-03-12,07:40,2024-03-12 07:40:22,Clear,Auto,high
625,28.745386,77.075295,NH-44,Moderate,2023-08-31,22:53,2023-08-31 22:53:22,Clear,Car,high
626,28.702246,77.109408,Outer Ring Road,Minor,2025-06-15,06:17,2025-06-15 06:17:22,Clear,Truck,high
627,28.596786,77.045381,Dwarka Expressway,Minor,2025-05-10,10:14,2025-05-10 10:14:22,Clear,Bike,medium
628,28.593206,77.248669,Lodhi Road,Minor,2024-07-19,16:08,2024-07-19 16:08:22,Clear,Truck,low
629,28.52321,77.203659,Mathura Road,Minor,2024-11-16,16:44,2024-11-16 16:44:22,Clear,Bus,medium
630,28.597644,77.04847,Dwarka Expressway,Minor,2025-10-23,08:33,2025-10-23 08:33:22,Rain,Car,medium
631,28.588722,77.048866,Dwarka Expressway,Moderate,2024-04-14,16:29,2024-04-14 16:29:22,Clear,Truck,medium
632,28.460199,77.026178,MG Road,Minor,2023-08-21,15:23,2023-08-21 15:23:22,Rain,Bike,medium
633,28.570448,77.312881,DND Flyway,Severe,2024-01-27,18:37,2024-01-27 18:37:22,Rain,Auto,medium
634,28.590929,77.242072,Lodhi Road,Moderate,2026-01-28,00:56,2026-01-28 00:56:22,Clear,Truck,low
635,28.641156,77.232692,G T Road,Fatal,2023-09-13,14:38,2023-09-13 14:38:22,Heavy Rain,Truck,high
636,28.585976,77.039796,Dwarka Expressway,Moderate,2024-09-12,13:03,2024-09-12 13:03:22,Clear,Bus,medium
637,28.521997,77.215856,Mathura Road,Moderate,2023-12-08,10:55,2023-12-08 10:55:22,Clear,Truck,medium
638,28.682523,77.119275,Rohtak Road,Moderate,2025-03-28,20:26,2025-03-28 20:26:22,Rain,Bike,high
639,28.63955,77.207042,Ring Road,Moderate,2024-01-29,18:26,2024-01-29 18:26:22,Rain,Car,high
640,28.579992,77.302059,DND Flyway,Moderate,2025-05-14,05:13,2025-05-14 05:13:22,Heavy Rain,Bike,medium
641,28.598222,77.043869,Dwarka Expressway,Severe,2023-09-04,19:54,2023-09-04 19:54:22,Fog,Car,medium
642,28.466096,77.027185,MG Road,Minor,2025-01-04,14:32,2025-01-04 14:32:22,Clear,Truck,medium
643,28.702488,77.096914,Outer Ring Road,Moderate,2026-01-02,17:40,2026-01-02 17:40:22,Fog,Bus,high
644,28.577795,77.246727,Lodhi Road,Minor,2024-02-28,06:22,2024-02-28 06:22:22,Clear,Auto,low
645,28.6823,77.118648,Rohtak Road,Fatal,2023-04-23,09:18,2023-04-23 09:18:22,Rain,Auto,high
646,28.653116,77.230858,G T Road,Fatal,2024-02-01,08:30,2024-02-01 08:30:22,Clear,Truck,high
647,28.456794,77.016752,MG Road,Minor,2023-04-01,17:34,2023-04-01 17:34:22,Clear,Bike,medium
648,28.450589,77.035929,MG Road,Moderate,2024-07-03,16:25,2024-07-03 16:25:22,Fog,Auto,medium
649,28.753146,77.0769,NH-44,Severe,2024-09-22,09:46,2024-09-22 09:46:22,Fog,Truck,high
650,28.672923,77.131351,Rohtak Road,Minor,2025-06-17,12:34,2025-06-17 12:34:22,Clear,Car,high
651,28.590331,77.24128,Lodhi Road,Minor,2026-01-21,20:59,2026-01-21 20:59:22,Clear,Truck,low
652,28.527771,77.199953,Mathura Road,Minor,2026-02-03,18:48,2026-02-03 18:48:22,Clear,Truck,medium
653,28.587588,77.244626,Lodhi Road,Moderate,2024-11-01,16:12,2024-11-01 16:12:22,Clear,Auto,low
654,28.699252,77.110416,Outer Ring Road,Minor,2026-02-21,06:17,2026-02-21 06:17:22,Clear,Bus,high
655,28.567251,77.31056,DND Flyway,Moderate,2024-06-15,13:15,2024-06-15 13:15:22,Clear,Auto,medium
656,28.653278,77.228433,G T Road,Fatal,2025-04-06,17:04,2025-04-06 17:04:22,Clear,Truck,high
657,28.533334,77.201877,Mathura Road,Minor,2024-10-18,16:41,2024-10-18 16:41:22,Clear,Truck,medium
658,28.594208,77.235087,Lodhi Road,Moderate,2026-02-17,18:00,2026-02-17 18:00:22,Rain,Truck,low
659,28.622249,77.208134,Ring Road,Severe,2025-06-02,08:13,2025-06-02 08:13:22,Clear,Bus,high
660,28.587086,77.24756,Lodhi Road,Moderate,2025-12-12,17:28,2025-12-12 17:28:22,Rain,Auto,low
661,28.579675,77.297472,DND Flyway,Fatal,2025-03-20,22:30,2025-03-20 22:30:22,Clear,Car,medium
662,28.682284,77.120597,Rohtak Road,Severe,2024-06-08,18:04,2024-06-08 18:04:22,Rain,Truck,high
663,28.684324,77.131089,Rohtak Road,Moderate,2024-10-14,08:35,2024-10-14 08:35:22,Rain,Bus,high
664,28.565591,77.297833,DND Flyway,Moderate,2025-06-13,07:00,2025-06-13 07:00:22,Clear,Truck,medium
665,28.75479,77.065475,NH-44,Minor,2025-08-10,20:18,2025-08-10 20:18:22,Rain,Truck,high
666,28.5846,77.314709,DND Flyway,Minor,2025-07-23,05:12,2025-07-23 05:12:22,Fog,Bus,medium
667,28.638947,77.225435,Ring Road,Moderate,2024-02-08,07:35,2024-02-08 07:35:22,Rain,Truck,high
668,28.750227,77.064738,NH-44,Minor,2024-05-02,20:22,2024-05-02 20:22:22,Clear,Truck,high
669,28.454543,77.031562,MG Road,Moderate,2023-09-29,18:43,2023-09-29 18:43:22,Heavy Rain,Truck,medium
670,28.622664,77.222508,Ring Road,Minor,2025-07-31,21:35,2025-07-31 21:35:22,Rain,Car,high
671,28.741153,77.075482,NH-44,Minor,2023-10-16,13:19,2023-10-16 13:19:22,Clear,Truck,high
672,28.68483,77.121398,Rohtak Road,Severe,2023-11-28,16:45,2023-11-28 16:45:22,Clear,Car,high
673,28.570463,77.311427,DND Flyway,Minor,2023-05-28,22:58,2023-05-28 22:58:22,Rain,Car,medium
674,28.657069,77.236465,G T Road,Moderate,2024-12-24,21:11,2024-12-24 21:11:22,Clear,Car,high
675,28.581897,77.310969,DND Flyway,Minor,2024-02-04,16:58,2024-02-04 16:58:22,Clear,Auto,medium
676,28.678049,77.122,Rohtak Road,Severe,2026-02-16,17:38,2026-02-16 17:38:22,Rain,Bike,high
677,28.452492,77.027661,MG Road,Moderate,2024-02-05,17:50,2024-02-05 17:50:22,Clear,Bike,medium
678,28.580153,77.315518,DND Flyway,Moderate,2024-07-16,08:55,2024-07-16 08:55:22,Clear,Car,medium
679,28.582645,77.045012,Dwarka Expressway,Minor,2023-11-14,09:19,2023-11-14 09:19:22,Clear,Bike,medium
680,28.599125,77.044206,Dwarka Expressway,Minor,2023-11-27,00:26,2023-11-27 00:26:22,Fog,Car,medium
681,28.594614,77.038251,Dwarka Expressway,Severe,2023-03-13,15:16,2023-03-13 15:16:22,Fog,Auto,medium
682,28.6905,77.128257,Rohtak Road,Minor,2025-12-17,17:16,2025-12-17 17:16:22,Clear,Auto,high
683,28.67771,77.121868,Rohtak Road,Minor,2025-09-06,07:08,2025-09-06 07:08:22,Clear,Bike,high
684,28.567332,77.311478,DND Flyway,Moderate,2024-02-19,19:13,2024-02-19 19:13:22,Rain,Truck,medium
685,28.583823,77.049946,Dwarka Expressway,Minor,2025-05-27,18:46,2025-05-27 18:46:22,Clear,Bus,medium
686,28.524521,77.202697,Mathura Road,Severe,2025-12-03,21:20,2025-12-03 21:20:22,Clear,Bus,medium
687,28.582288,77.309604,DND Flyway,Moderate,2024-04-30,21:06,2024-04-30 21:06:22,Rain,Bus,medium
688,28.584976,77.237721,Lodhi Road,Moderate,2023-09-29,12:46,2023-09-29 12:46:22,Clear,Bus,low
689,28.594597,77.233051,Lodhi Road,Moderate,2025-06-13,13:09,2025-06-13 13:09:22,Rain,Car,low
690,28.690835,77.126473,Rohtak Road,Severe,2024-10-09,04:52,2024-10-09 04:52:22,Clear,Bus,high
691,28.699264,77.094928,Outer Ring Road,Moderate,2023-06-15,17:45,2023-06-15 17:45:22,Rain,Car,high
692,28.575912,77.314089,DND Flyway,Moderate,2024-05-20,15:37,2024-05-20 15:37:22,Clear,Bus,medium
693,28.589988,77.250132,Lodhi Road,Moderate,2025-12-30,22:02,2025-12-30 22:02:22,Rain,Bike,low
694,28.570509,77.312852,DND Flyway,Minor,2023-11-08,07:06,2023-11-08 07:06:22,Rain,Car,medium
695,28.639049,77.214355,Ring Road,Fatal,2024-09-05,18:15,2024-09-05 18:15:22,Clear,Bus,high
696,28.519875,77.20979,Mathura Road,Minor,2023-08-29,12:26,2023-08-29 12:26:22,Clear,Car,medium
697,28.68708,77.129742,Rohtak Road,Severe,2025-09-26,18:49,2025-09-26 18:49:22,Rain,Bike,high
698,28.746083,77.05743,NH-44,Minor,2023-05-11,12:41,2023-05-11 12:41:22,Heavy Rain,Auto,high
699,28.578558,77.304124,DND Flyway,Severe,2025-11-14,16:31,2025-11-14 16:31:22,Clear,Auto,medium
700,28.632359,77.211916,Ring Road,Severe,2025-09-10,22:00,2025-09-10 22:00:22,Clear,Bike,high
701,28.749141,77.070802,NH-44,Minor,2025-08-16,22:20,2025-08-16 22:20:22,Clear,Truck,high
702,28.758199,77.057848,NH-44,Minor,2025-01-24,19:41,2025-01-24 19:41:22,Clear,Auto,high
703,28.64841,77.227045,G T Road,Severe,2024-03-05,07:28,2024-03-05 07:28:22,Rain,Bike,high
704,28.644301,77.225462,G T Road,Severe,2023-07-12,14:21,2023-07-12 14:21:22,Clear,Bus,high
705,28.592765,77.249915,Lodhi Road,Moderate,2024-06-17,08:19,2024-06-17 08:19:22,Clear,Auto,low
706,28.752057,77.06159,NH-44,Moderate,2023-03-29,00:41,2023-03-29 00:41:22,Clear,Auto,high
707,28.655024,77.234414,G T Road,Moderate,2023-08-24,09:18,2023-08-24 09:18:22,Rain,Truck,high
708,28.713891,77.099807,Outer Ring Road,Minor,2025-06-16,17:50,2025-06-16 17:50:22,Fog,Car,high
709,28.630769,77.211455,Ring Road,Fatal,2025-09-25,16:56,2025-09-25 16:56:22,Heavy Rain,Bike,high
710,28.706491,77.108388,Outer Ring Road,Minor,2024-02-23,20:56,2024-02-23 20:56:22,Fog,Car,high
711,28.634164,77.215842,Ring Road,Severe,2025-05-08,09:06,2025-05-08 09:06:22,Clear,Auto,high
712,28.696288,77.103403,Outer Ring Road,Severe,2024-12-17,19:30,2024-12-17 19:30:22,Heavy Rain,Bus,high
713,28.5938,77.047341,Dwarka Expressway,Minor,2023-03-01,19:24,2023-03-01 19:24:22,Clear,Car,medium
714,28.711186,77.106299,Outer Ring Road,Fatal,2025-05-17,20:08,2025-05-17 20:08:22,Fog,Bus,high
715,28.455244,77.030451,MG Road,Moderate,2025-09-28,22:42,2025-09-28 22:42:22,Clear,Truck,medium
716,28.463835,77.022359,MG Road,Severe,2026-01-14,11:58,2026-01-14 11:58:22,Clear,Bus,medium
717,28.565808,77.298154,DND Flyway,Moderate,2024-01-22,14:23,2024-01-22 14:23:22,Rain,Auto,medium
718,28.745994,77.062585,NH-44,Moderate,2025-02-13,21:25,2025-02-13 21:25:22,Fog,Auto,high
719,28.583297,77.047916,Dwarka Expressway,Minor,2024-12-18,16:03,2024-12-18 16:03:22,Clear,Truck,medium
720,28.51496,77.202081,Mathura Road,Minor,2025-04-14,13:48,2025-04-14 13:48:22,Clear,Bus,medium
721,28.713089,77.109554,Outer Ring Road,Minor,2025-07-21,06:33,2025-07-21 06:33:22,Clear,Bike,high
722,28.678371,77.131036,Rohtak Road,Moderate,2025-05-16,07:52,2025-05-16 07:52:22,Rain,Car,high
723,28.576625,77.302513,DND Flyway,Minor,2025-08-16,20:08,2025-08-16 20:08:22,Clear,Car,medium
724,28.698894,77.095445,Outer Ring Road,Moderate,2025-06-04,07:44,2025-06-04 07:44:22,Rain,Bus,high
725,28.467042,77.031332,MG Road,Moderate,2025-07-16,17:47,2025-07-16 17:47:22,Fog,Bus,medium
726,28.534132,77.202164,Mathura Road,Moderate,2024-06-16,07:21,2024-06-16 07:21:22,Clear,Bike,medium
727,28.629441,77.214842,Ring Road,Minor,2023-08-20,06:02,2023-08-20 06:02:22,Clear,Auto,high
728,28.672521,77.11815,Rohtak Road,Fatal,2025-02-13,08:34,2025-02-13 08:34:22,Rain,Truck,high
729,28.583751,77.052753,Dwarka Expressway,Moderate,2023-04-11,12:46,2023-04-11 12:46:22,Rain,Bike,medium
730,28.579942,77.309927,DND Flyway,Moderate,2024-02-24,05:48,2024-02-24 05:48:22,Rain,Car,medium
731,28.679102,77.123054,Rohtak Road,Minor,2025-12-12,16:29,2025-12-12 16:29:22,Clear,Bike,high
732,28.652654,77.222722,G T Road,Fatal,2023-03-01,19:13,2023-03-01 19:13:22,Fog,Auto,high
733,28.673423,77.123801,Rohtak Road,Moderate,2024-08-23,12:10,2024-08-23 12:10:22,Clear,Bike,high
734,28.690362,77.117806,Rohtak Road,Moderate,2024-06-06,07:47,2024-06-06 07:47:22,Rain,Auto,high
735,28.689103,77.125244,Rohtak Road,Moderate,2023-06-07,17:32,2023-06-07 17:32:22,Clear,Truck,high
736,28.467699,77.026693,MG Road,Moderate,2025-07-05,20:01,2025-07-05 20:01:22,Clear,Truck,medium
737,28.698718,77.109969,Outer Ring Road,Severe,2025-01-08,18:38,2025-01-08 18:38:22,Rain,Truck,high
738,28.682272,77.117279,Rohtak Road,Severe,2025-02-09,13:24,2025-02-09 13:24:22,Heavy Rain,Car,high
739,28.637537,77.207788,Ring Road,Minor,2025-06-20,20:37,2025-06-20 20:37:22,Clear,Bike,high
740,28.520544,77.197805,Mathura Road,Minor,2023-10-26,16:05,2023-10-26 16:05:22,Clear,Truck,medium
741,28.627912,77.224521,Ring Road,Moderate,2023-06-14,16:13,2023-06-14 16:13:22,Clear,Bus,high
742,28.517078,77.209956,Mathura Road,Fatal,2025-01-11,23:41,2025-01-11 23:41:22,Clear,Bus,medium
743,28.575802,77.313861,DND Flyway,Minor,2024-01-23,10:04,2024-01-23 10:04:22,Clear,Bus,medium
744,28.582496,77.309713,DND Flyway,Minor,2023-06-04,08:51,2023-06-04 08:51:22,Fog,Bike,medium
745,28.584773,77.044007,Dwarka Expressway,Minor,2024-07-28,19:07,2024-07-28 19:07:22,Clear,Truck,medium
746,28.523044,77.197544,Mathura Road,Minor,2026-01-29,15:12,2026-01-29 15:12:22,Clear,Bus,medium
747,28.627184,77.224934,Ring Road,Minor,2025-10-28,15:57,2025-10-28 15:57:22,Clear,Truck,high
748,28.571657,77.301358,DND Flyway,Minor,2025-09-02,18:16,2025-09-02 18:16:22,Clear,Auto,medium
749,28.636976,77.217703,Ring Road,Minor,2024-10-30,20:49,2024-10-30 20:49:22,Clear,Truck,high
750,28.683066,77.118809,Rohtak Road,Severe,2025-11-05,17:45,2025-11-05 17:45:22,Rain,Truck,high
751,28.450654,77.024575,MG Road,Severe,2024-03-04,10:40,2024-03-04 10:40:22,Clear,Car,medium
752,28.583546,77.037767,Dwarka Expressway,Severe,2026-02-15,17:19,2026-02-15 17:19:22,Rain,Bike,medium
753,28.688107,77.112265,Rohtak Road,Minor,2023-08-15,07:11,2023-08-15 07:11:22,Fog,Bus,high
754,28.452499,77.028003,MG Road,Minor,2023-11-02,16:30,2023-11-02 16:30:22,Rain,Car,medium
755,28.627114,77.207817,Ring Road,Severe,2025-09-29,19:14,2025-09-29 19:14:22,Clear,Truck,high
756,28.653244,77.220672,G T Road,Severe,2024-07-28,08:49,2024-07-28 08:49:22,Fog,Truck,high
757,28.570903,77.296015,DND Flyway,Minor,2023-12-03,02:12,2023-12-03 02:12:22,Clear,Bike,medium
758,28.451253,77.027925,MG Road,Moderate,2024-07-27,18:40,2024-07-27 18:40:22,Clear,Truck,medium
759,28.455972,77.031433,MG Road,Minor,2023-04-20,13:40,2023-04-20 13:40:22,Rain,Auto,medium
760,28.713769,77.102945,Outer Ring Road,Minor,2025-06-10,20:33,2025-06-10 20:33:22,Clear,Car,high
761,28.685171,77.124876,Rohtak Road,Moderate,2024-07-02,06:26,2024-07-02 06:26:22,Clear,Bus,high
762,28.644669,77.237878,G T Road,Severe,2026-02-02,17:31,2026-02-02 17:31:22,Heavy Rain,Bus,high
763,28.660202,77.235221,G T Road,Moderate,2025-08-30,19:58,2025-08-30 19:58:22,Clear,Auto,high
764,28.711693,77.108993,Outer Ring Road,Moderate,2024-05-07,13:39,2024-05-07 13:39:22,Rain,Auto,high
765,28.641203,77.209392,Ring Road,Severe,2023-03-27,16:00,2023-03-27 16:00:22,Rain,Bike,high
766,28.582952,77.303548,DND Flyway,Minor,2025-03-27,09:33,2025-03-27 09:33:22,Rain,Bus,medium
767,28.594192,77.045871,Dwarka Expressway,Moderate,2023-06-16,00:24,2023-06-16 00:24:22,Clear,Car,medium
768,28.646532,77.231882,G T Road,Moderate,2024-09-09,19:43,2024-09-09 19:43:22,Clear,Bus,high
769,28.681056,77.123005,Rohtak Road,Moderate,2025-07-10,21:55,2025-07-10 21:55:22,Clear,Bike,high
770,28.590344,77.252774,Lodhi Road,Minor,2025-07-20,07:20,2025-07-20 07:20:22,Clear,Auto,low
771,28.64673,77.238803,G T Road,Minor,2023-11-02,20:05,2023-11-02 20:05:22,Clear,Truck,high
772,28.679327,77.130873,Rohtak Road,Moderate,2025-01-27,17:57,2025-01-27 17:57:22,Clear,Truck,high
773,28.641054,77.22375,G T Road,Moderate,2024-12-30,09:19,2024-12-30 09:19:22,Clear,Auto,high
774,28.713679,77.109156,Outer Ring Road,Moderate,2024-03-13,17:51,2024-03-13 17:51:22,Clear,Car,high
775,28.518369,77.209345,Mathura Road,Moderate,2024-10-31,14:45,2024-10-31 14:45:22,Fog,Auto,medium
776,28.743969,77.071239,NH-44,Moderate,2024-03-13,08:09,2024-03-13 08:09:22,Rain,Auto,high
777,28.627866,77.213537,Ring Road,Minor,2025-11-25,11:29,2025-11-25 11:29:22,Clear,Bike,high
778,28.567456,77.306236,DND Flyway,Severe,2023-07-29,20:09,2023-07-29 20:09:22,Rain,Bike,medium
779,28.758753,77.062137,NH-44,Minor,2023-08-12,07:44,2023-08-12 07:44:22,Clear,Bike,high
780,28.62283,77.226158,Ring Road,Minor,2024-09-11,16:54,2024-09-11 16:54:22,Clear,Auto,high
781,28.63711,77.219363,Ring Road,Minor,2024-06-03,19:24,2024-06-03 19:24:22,Clear,Bike,high
782,28.517609,77.197428,Mathura Road,Minor,2024-07-27,21:51,2024-07-27 21:51:22,Clear,Car,medium
783,28.639465,77.207741,Ring Road,Moderate,2025-10-23,08:43,2025-10-23 08:43:22,Rain,Bus,high
784,28.676497,77.131144,Rohtak Road,Minor,2023-11-19,13:46,2023-11-19 13:46:22,Clear,Car,high
785,28.710511,77.111315,Outer Ring Road,Minor,2024-08-23,10:32,2024-08-23 10:32:22,Clear,Bike,high
786,28.752893,77.073686,NH-44,Minor,2025-06-27,08:24,2025-06-27 08:24:22,Clear,Bike,high
787,28.628069,77.21437,Ring Road,Minor,2023-04-16,11:54,2023-04-16 11:54:22,Fog,Auto,high
788,28.595454,77.236273,Lodhi Road,Severe,2023-07-02,18:03,2023-07-02 18:03:22,Clear,Car,low
789,28.526839,77.200194,Mathura Road,Moderate,2024-02-10,09:28,2024-02-10 09:28:22,Rain,Bus,medium
790,28.713728,77.101769,Outer Ring Road,Severe,2025-10-03,19:03,2025-10-03 19:03:22,Fog,Bus,high
791,28.713746,77.10904,Outer Ring Road,Minor,2025-02-02,01:23,2025-02-02 01:23:22,Clear,Bike,high
792,28.52599,77.205077,Mathura Road,Severe,2023-12-02,09:17,2023-12-02 09:17:22,Clear,Bus,medium
793,28.570593,77.312604,DND Flyway,Minor,2024-06-26,18:43,2024-06-26 18:43:22,Clear,Car,medium
794,28.744603,77.06215,NH-44,Minor,2023-10-14,11:56,2023-10-14 11:56:22,Clear,Truck,high
795,28.634782,77.215145,Ring Road,Fatal,2025-01-17,13:23,2025-01-17 13:23:22,Clear,Bus,high
796,28.623654,77.211516,Ring Road,Minor,2025-11-11,09:12,2025-11-11 09:12:22,Heavy Rain,Bus,high
797,28.750302,77.074098,NH-44,Moderate,2025-06-04,13:14,2025-06-04 13:14:22,Clear,Car,high
798,28.591977,77.251877,Lodhi Road,Minor,2024-11-04,02:04,2024-11-04 02:04:22,Clear,Car,low
799,28.468847,77.026133,MG Road,Minor,2023-07-19,10:37,2023-07-19 10:37:22,Clear,Auto,medium
800,28.574335,77.31161,DND Flyway,Moderate,2025-05-20,19:36,2025-05-20 19:36:22,Clear,Auto,medium
801,28.520248,77.21421,Mathura Road,Severe,2025-12-29,19:29,2025-12-29 19:29:22,Rain,Car,medium
802,28.635935,77.22643,Ring Road,Severe,2023-10-21,20:09,2023-10-21 20:09:22,Fog,Car,high
803,28.575858,77.307165,DND Flyway,Moderate,2025-02-09,13:23,2025-02-09 13:23:22,Clear,Car,medium
804,28.598875,77.037627,Dwarka Expressway,Severe,2024-12-31,16:36,2024-12-31 16:36:22,Rain,Truck,medium
805,28.463084,77.022623,MG Road,Minor,2025-06-30,11:13,2025-06-30 11:13:22,Clear,Auto,medium
806,28.702728,77.104315,Outer Ring Road,Minor,2025-08-21,07:56,2025-08-21 07:56:22,Clear,Bike,high
807,28.59784,77.054087,Dwarka Expressway,Moderate,2024-03-15,19:50,2024-03-15 19:50:22,Clear,Car,medium
808,28.707344,77.102525,Outer Ring Road,Moderate,2023-08-28,17:14,2023-08-28 17:14:22,Rain,Truck,high
809,28.630394,77.21979,Ring Road,Moderate,2025-10-06,06:46,2025-10-06 06:46:22,Clear,Car,high
810,28.711068,77.092902,Outer Ring Road,Moderate,2023-03-25,17:22,2023-03-25 17:22:22,Rain,Bus,high
811,28.579787,77.310518,DND Flyway,Severe,2023-07-19,20:00,2023-07-19 20:00:22,Clear,Truck,medium
812,28.685598,77.120579,Rohtak Road,Moderate,2025-03-07,09:51,2025-03-07 09:51:22,Rain,Bike,high
813,28.58693,77.051335,Dwarka Expressway,Severe,2023-08-28,15:30,2023-08-28 15:30:22,Rain,Bus,medium
814,28.592968,77.236737,Lodhi Road,Fatal,2024-02-15,15:45,2024-02-15 15:45:22,Rain,Truck,low
815,28.690833,77.122187,Rohtak Road,Moderate,2023-08-24,17:50,2023-08-24 17:50:22,Rain,Bike,high
816,28.673419,77.11878,Rohtak Road,Minor,2025-02-06,17:25,2025-02-06 17:25:22,Clear,Bike,high
817,28.59471,77.046444,Dwarka Expressway,Minor,2023-07-17,23:55,2023-07-17 23:55:22,Clear,Bus,medium
818,28.581311,77.302014,DND Flyway,Moderate,2024-10-03,08:18,2024-10-03 08:18:22,Clear,Bus,medium
819,28.712931,77.096665,Outer Ring Road,Minor,2025-07-24,06:03,2025-07-24 06:03:22,Clear,Bus,high
820,28.746994,77.072184,NH-44,Minor,2024-02-27,15:29,2024-02-27 15:29:22,Rain,Bike,high
821,28.572308,77.302964,DND Flyway,Minor,2024-12-21,17:16,2024-12-21 17:16:22,Clear,Bus,medium
822,28.588626,77.036113,Dwarka Expressway,Severe,2024-06-20,20:46,2024-06-20 20:46:22,Clear,Auto,medium
823,28.694919,77.10708,Outer Ring Road,Minor,2026-01-07,12:22,2026-01-07 12:22:22,Rain,Bike,high
824,28.752666,77.058105,NH-44,Moderate,2024-01-17,19:33,2024-01-17 19:33:22,Clear,Truck,high
825,28.740761,77.071696,NH-44,Minor,2023-06-27,09:45,2023-06-27 09:45:22,Clear,Bus,high
826,28.754141,77.059489,NH-44,Severe,2025-10-28,16:40,2025-10-28 16:40:22,Clear,Auto,high
827,28.582667,77.239699,Lodhi Road,Moderate,2026-01-20,06:48,2026-01-20 06:48:22,Clear,Auto,low
828,28.524302,77.213739,Mathura Road,Minor,2025-07-12,16:06,2025-07-12 16:06:22,Clear,Car,medium
829,28.75829,77.07023,NH-44,Severe,2026-01-24,17:13,2026-01-24 17:13:22,Clear,Truck,high
830,28.58466,77.307199,DND Flyway,Minor,2024-08-13,10:00,2024-08-13 10:00:22,Clear,Truck,medium
831,28.569763,77.298965,DND Flyway,Minor,2024-10-10,19:03,2024-10-10 19:03:22,Clear,Truck,medium
832,28.588232,77.042775,Dwarka Expressway,Fatal,2023-11-01,21:46,2023-11-01 21:46:22,Rain,Auto,medium
833,28.597546,77.037745,Dwarka Expressway,Minor,2024-07-03,13:42,2024-07-03 13:42:22,Clear,Car,medium
834,28.654084,77.235354,G T Road,Moderate,2024-09-24,14:56,2024-09-24 14:56:22,Clear,Bike,high
835,28.45464,77.025574,MG Road,Severe,2023-07-21,20:19,2023-07-21 20:19:22,Fog,Bike,medium
836,28.590933,77.037202,Dwarka Expressway,Minor,2024-11-02,11:56,2024-11-02 11:56:22,Rain,Auto,medium
837,28.695768,77.098393,Outer Ring Road,Moderate,2023-10-30,21:25,2023-10-30 21:25:22,Clear,Bike,high
838,28.525053,77.209038,Mathura Road,Severe,2024-08-19,17:10,2024-08-19 17:10:22,Rain,Bus,medium
839,28.658354,77.230206,G T Road,Moderate,2026-01-08,18:53,2026-01-08 18:53:22,Rain,Bike,high
840,28.658414,77.23485,G T Road,Severe,2025-06-26,13:05,2025-06-26 13:05:22,Clear,Bike,high
841,28.581959,77.252261,Lodhi Road,Severe,2024-05-08,07:47,2024-05-08 07:47:22,Clear,Truck,low
842,28.707636,77.110112,Outer Ring Road,Moderate,2023-07-10,08:55,2023-07-10 08:55:22,Fog,Bike,high
843,28.585288,77.04225,Dwarka Expressway,Moderate,2024-12-07,10:37,2024-12-07 10:37:22,Fog,Car,medium
844,28.518139,77.211729,Mathura Road,Minor,2023-07-23,07:26,2023-07-23 07:26:22,Clear,Bike,medium
845,28.451863,77.030924,MG Road,Minor,2025-06-25,19:56,2025-06-25 19:56:22,Rain,Bike,medium
846,28.588298,77.251727,Lodhi Road,Minor,2023-05-31,17:35,2023-05-31 17:35:22,Rain,Bus,low
847,28.657565,77.225188,G T Road,Moderate,2024-05-06,00:10,2024-05-06 00:10:22,Clear,Bike,high
848,28.639436,77.218006,Ring Road,Fatal,2024-03-30,17:55,2024-03-30 17:55:22,Rain,Bus,high
849,28.469488,77.025199,MG Road,Minor,2025-12-25,18:42,2025-12-25 18:42:22,Rain,Car,medium
850,28.566327,77.303304,DND Flyway,Minor,2024-08-30,17:02,2024-08-30 17:02:22,Clear,Bike,medium
851,28.710727,77.101239,Outer Ring Road,Minor,2025-06-14,16:19,2025-06-14 16:19:22,Clear,Car,high
852,28.596959,77.042805,Dwarka Expressway,Moderate,2023-07-18,20:23,2023-07-18 20:23:22,Rain,Truck,medium
853,28.655571,77.235894,G T Road,Fatal,2024-09-19,07:46,2024-09-19 07:46:22,Fog,Truck,high
854,28.4587,77.02576,MG Road,Severe,2025-11-18,22:08,2025-11-18 22:08:22,Clear,Car,medium
855,28.636576,77.216943,Ring Road,Severe,2024-07-07,18:43,2024-07-07 18:43:22,Fog,Bus,high
856,28.457212,77.036279,MG Road,Minor,2025-10-11,12:43,2025-10-11 12:43:22,Rain,Car,medium
857,28.529055,77.203392,Mathura Road,Minor,2024-08-02,15:01,2024-08-02 15:01:22,Rain,Bike,medium
858,28.673172,77.124138,Rohtak Road,Minor,2024-02-22,07:17,2024-02-22 07:17:22,Rain,Car,high
859,28.74371,77.074357,NH-44,Moderate,2025-10-14,04:53,2025-10-14 04:53:22,Clear,Bike,high
860,28.706281,77.104058,Outer Ring Road,Minor,2024-05-23,09:43,2024-05-23 09:43:22,Clear,Bike,high
861,28.707616,77.096477,Outer Ring Road,Minor,2023-07-04,16:23,2023-07-04 16:23:22,Clear,Auto,high
862,28.636534,77.219331,Ring Road,Minor,2025-12-29,10:14,2025-12-29 10:14:22,Rain,Auto,high
863,28.576643,77.301414,DND Flyway,Minor,2025-06-06,21:15,2025-06-06 21:15:22,Rain,Car,medium
864,28.746215,77.07144,NH-44,Moderate,2023-05-20,20:34,2023-05-20 20:34:22,Rain,Car,high
865,28.626777,77.225214,Ring Road,Moderate,2023-12-13,17:03,2023-12-13 17:03:22,Fog,Truck,high
866,28.587407,77.233727,Lodhi Road,Minor,2024-04-06,15:07,2024-04-06 15:07:22,Clear,Car,low
867,28.600015,77.043039,Dwarka Expressway,Moderate,2024-12-16,09:16,2024-12-16 09:16:22,Clear,Bike,medium
868,28.694665,77.105418,Outer Ring Road,Severe,2024-02-19,07:34,2024-02-19 07:34:22,Clear,Bike,high
869,28.57073,77.302416,DND Flyway,Minor,2025-10-27,08:32,2025-10-27 08:32:22,Clear,Car,medium
870,28.682354,77.127662,Rohtak Road,Severe,2025-03-08,19:58,2025-03-08 19:58:22,Clear,Car,high
871,28.643098,77.228897,G T Road,Severe,2023-10-14,08:05,2023-10-14 08:05:22,Rain,Bus,high
872,28.674127,77.119599,Rohtak Road,Minor,2025-02-02,23:16,2025-02-02 23:16:22,Clear,Truck,high
873,28.641,77.231098,G T Road,Moderate,2023-08-13,10:11,2023-08-13 10:11:22,Rain,Bike,high
874,28.533692,77.209898,Mathura Road,Minor,2023-04-13,21:38,2023-04-13 21:38:22,Clear,Auto,medium
875,28.449954,77.029431,MG Road,Minor,2024-12-10,13:07,2024-12-10 13:07:22,Clear,Bus,medium
876,28.685375,77.117416,Rohtak Road,Minor,2025-12-05,17:59,2025-12-05 17:59:22,Clear,Truck,high
877,28.698867,77.110041,Outer Ring Road,Severe,2023-03-06,09:03,2023-03-06 09:03:22,Heavy Rain,Truck,high
878,28.64146,77.226696,G T Road,Minor,2023-12-15,18:44,2023-12-15 18:44:22,Fog,Car,high
879,28.463722,77.026016,MG Road,Fatal,2023-10-30,23:30,2023-10-30 23:30:22,Clear,Auto,medium
880,28.576319,77.303719,DND Flyway,Severe,2024-10-15,15:33,2024-10-15 15:33:22,Fog,Bike,medium
881,28.705125,77.101449,Outer Ring Road,Moderate,2024-05-12,09:31,2024-05-12 09:31:22,Rain,Car,high
882,28.625771,77.212353,Ring Road,Severe,2025-03-17,17:17,2025-03-17 17:17:22,Rain,Car,high
883,28.469064,77.020246,MG Road,Fatal,2024-03-30,07:44,2024-03-30 07:44:22,Heavy Rain,Auto,medium
884,28.754551,77.076994,NH-44,Minor,2023-06-26,07:01,2023-06-26 07:01:22,Rain,Truck,high
885,28.653894,77.238044,G T Road,Severe,2023-04-13,14:27,2023-04-13 14:27:22,Clear,Car,high
886,28.758359,77.057955,NH-44,Minor,2025-10-18,09:13,2025-10-18 09:13:22,Clear,Car,high
887,28.589359,77.051879,Dwarka Expressway,Minor,2026-02-07,15:51,2026-02-07 15:51:22,Clear,Bus,medium
888,28.451518,77.023814,MG Road,Moderate,2024-04-21,20:06,2024-04-21 20:06:22,Rain,Bike,medium
889,28.746053,77.063084,NH-44,Severe,2023-11-08,07:18,2023-11-08 07:18:22,Clear,Auto,high
890,28.52207,77.209676,Mathura Road,Moderate,2026-01-19,20:06,2026-01-19 20:06:22,Clear,Bus,medium
891,28.685625,77.112481,Rohtak Road,Minor,2024-01-13,20:47,2024-01-13 20:47:22,Clear,Bike,high
892,28.755916,77.057539,NH-44,Severe,2023-09-07,08:24,2023-09-07 08:24:22,Clear,Bike,high
893,28.515069,77.216129,Mathura Road,Minor,2023-09-26,23:56,2023-09-26 23:56:22,Rain,Bus,medium
894,28.677637,77.115003,Rohtak Road,Minor,2023-06-26,08:21,2023-06-26 08:21:22,Clear,Car,high
895,28.759453,77.073903,NH-44,Moderate,2025-07-05,08:22,2025-07-05 08:22:22,Fog,Bike,high
896,28.653135,77.22642,G T Road,Minor,2023-12-09,09:16,2023-12-09 09:16:22,Clear,Auto,high
897,28.588159,77.238137,Lodhi Road,Minor,2024-02-09,16:09,2024-02-09 16:09:22,Clear,Bike,low
898,28.460874,77.031105,MG Road,Moderate,2025-03-24,06:07,2025-03-24 06:07:22,Rain,Auto,medium
899,28.708906,77.093887,Outer Ring Road,Minor,2025-01-16,21:34,2025-01-16 21:34:22,Clear,Car,high
900,28.598805,77.039611,Dwarka Expressway,Minor,2024-10-26,18:11,2024-10-26 18:11:22,Clear,Auto,medium
901,28.7135,77.110883,Outer Ring Road,Minor,2024-02-18,18:06,2024-02-18 18:06:22,Clear,Bus,high
902,28.703731,77.09752,Outer Ring Road,Moderate,2024-03-16,05:10,2024-03-16 05:10:22,Rain,Car,high
903,28.596361,77.248162,Lodhi Road,Minor,2025-02-12,07:04,2025-02-12 07:04:22,Clear,Auto,low
904,28.64225,77.224281,G T Road,Fatal,2023-08-09,04:23,2023-08-09 04:23:22,Rain,Bike,high
905,28.641365,77.216548,Ring Road,Severe,2023-05-24,09:59,2023-05-24 09:59:22,Rain,Bus,high
906,28.453285,77.032731,MG Road,Moderate,2024-11-23,05:50,2024-11-23 05:50:22,Clear,Car,medium
907,28.592697,77.047753,Dwarka Expressway,Severe,2026-01-31,12:02,2026-01-31 12:02:22,Heavy Rain,Truck,medium
908,28.598768,77.040215,Dwarka Expressway,Fatal,2025-02-25,09:46,2025-02-25 09:46:22,Fog,Truck,medium
909,28.569221,77.313401,DND Flyway,Fatal,2025-09-25,18:42,2025-09-25 18:42:22,Rain,Car,medium
910,28.654299,77.230048,G T Road,Minor,2024-01-20,16:49,2024-01-20 16:49:22,Clear,Car,high
911,28.643807,77.231767,G T Road,Minor,2023-05-04,22:56,2023-05-04 22:56:22,Clear,Auto,high
912,28.680036,77.129553,Rohtak Road,Minor,2025-05-05,23:50,2025-05-05 23:50:22,Clear,Truck,high
913,28.461917,77.028876,MG Road,Moderate,2024-10-19,17:12,2024-10-19 17:12:22,Clear,Car,medium
914,28.527569,77.209294,Mathura Road,Moderate,2023-10-24,04:00,2023-10-24 04:00:22,Rain,Truck,medium
915,28.637528,77.214514,Ring Road,Moderate,2023-11-10,19:32,2023-11-10 19:32:22,Clear,Bike,high
916,28.454129,77.017223,MG Road,Minor,2025-05-23,21:09,2025-05-23 21:09:22,Rain,Bus,medium
917,28.631175,77.223197,Ring Road,Minor,2024-04-10,19:37,2024-04-10 19:37:22,Clear,Truck,high
918,28.592709,77.045637,Dwarka Expressway,Minor,2025-07-20,18:13,2025-07-20 18:13:22,Clear,Car,medium
919,28.624233,77.218888,Ring Road,Moderate,2024-04-17,20:49,2024-04-17 20:49:22,Clear,Bike,high
920,28.623787,77.213425,Ring Road,Moderate,2025-11-01,22:49,2025-11-01 22:49:22,Clear,Car,high
921,28.526099,77.208,Mathura Road,Fatal,2025-06-02,15:52,2025-06-02 15:52:22,Heavy Rain,Bike,medium
922,28.706632,77.101425,Outer Ring Road,Moderate,2025-09-15,16:14,2025-09-15 16:14:22,Clear,Car,high
923,28.582211,77.314825,DND Flyway,Moderate,2025-02-09,19:32,2025-02-09 19:32:22,Clear,Auto,medium
924,28.516246,77.197285,Mathura Road,Moderate,2023-08-24,08:58,2023-08-24 08:58:22,Clear,Car,medium
925,28.589773,77.044835,Dwarka Expressway,Minor,2025-12-09,19:27,2025-12-09 19:27:22,Clear,Car,medium
926,28.459328,77.034432,MG Road,Minor,2025-10-26,01:31,2025-10-26 01:31:22,Clear,Truck,medium
927,28.529731,77.215036,Mathura Road,Minor,2024-11-24,18:40,2024-11-24 18:40:22,Clear,Car,medium
928,28.574145,77.296943,DND Flyway,Severe,2025-11-22,18:19,2025-11-22 18:19:22,Clear,Bus,medium
929,28.699738,77.103193,Outer Ring Road,Severe,2023-11-16,10:16,2023-11-16 10:16:22,Heavy Rain,Bike,high
930,28.573241,77.302022,DND Flyway,Severe,2024-08-17,09:24,2024-08-17 09:24:22,Rain,Bike,medium
931,28.525416,77.212099,Mathura Road,Fatal,2024-09-29,17:18,2024-09-29 17:18:22,Clear,Bus,medium
932,28.6306,77.215661,Ring Road,Moderate,2026-02-22,11:19,2026-02-22 11:19:22,Rain,Bus,high
933,28.591467,77.244303,Lodhi Road,Moderate,2025-01-30,06:02,2025-01-30 06:02:22,Fog,Car,low
934,28.579624,77.234685,Lodhi Road,Moderate,2024-04-06,22:51,2024-04-06 22:51:22,Clear,Bike,low
935,28.748104,77.076891,NH-44,Moderate,2024-07-19,09:32,2024-07-19 09:32:22,Rain,Bike,high
936,28.596716,77.248742,Lodhi Road,Minor,2023-11-04,10:54,2023-11-04 10:54:22,Rain,Car,low
937,28.671503,77.121331,Rohtak Road,Moderate,2026-02-07,08:25,2026-02-07 08:25:22,Rain,Auto,high
938,28.660598,77.223387,G T Road,Minor,2025-06-24,20:07,2025-06-24 20:07:22,Clear,Car,high
939,28.639163,77.211758,Ring Road,Fatal,2025-04-09,20:42,2025-04-09 20:42:22,Clear,Bike,high
940,28.702577,77.112331,Outer Ring Road,Moderate,2024-11-28,17:56,2024-11-28 17:56:22,Clear,Bus,high
941,28.62338,77.22077,Ring Road,Moderate,2024-01-20,06:00,2024-01-20 06:00:22,Fog,Bike,high
942,28.58452,77.235232,Lodhi Road,Moderate,2023-06-03,14:00,2023-06-03 14:00:22,Rain,Bike,low
943,28.464268,77.034795,MG Road,Severe,2025-11-10,17:43,2025-11-10 17:43:22,Rain,Car,medium
944,28.629202,77.207089,Ring Road,Minor,2023-06-16,19:44,2023-06-16 19:44:22,Rain,Car,high
945,28.589894,77.241994,Lodhi Road,Moderate,2024-12-31,18:29,2024-12-31 18:29:22,Clear,Car,low
946,28.676434,77.131373,Rohtak Road,Minor,2023-09-10,00:40,2023-09-10 00:40:22,Fog,Car,high
947,28.678377,77.12227,Rohtak Road,Minor,2025-03-08,08:22,2025-03-08 08:22:22,Clear,Bike,high
948,28.569551,77.307838,DND Flyway,Minor,2025-08-25,14:10,2025-08-25 14:10:22,Clear,Car,medium
949,28.599195,77.055295,Dwarka Expressway,Moderate,2025-10-10,08:07,2025-10-10 08:07:22,Rain,Car,medium
950,28.463727,77.022549,MG Road,Severe,2024-05-20,16:44,2024-05-20 16:44:22,Clear,Truck,medium
951,28.75509,77.065292,NH-44,Minor,2023-05-27,16:20,2023-05-27 16:20:22,Clear,Auto,high
952,28.569216,77.296226,DND Flyway,Minor,2023-10-06,15:00,2023-10-06 15:00:22,Clear,Auto,medium
953,28.624699,77.224285,Ring Road,Minor,2025-05-30,16:56,2025-05-30 16:56:22,Clear,Truck,high
954,28.583657,77.312721,DND Flyway,Minor,2025-09-29,11:37,2025-09-29 11:37:22,Clear,Auto,medium
955,28.570151,77.299106,DND Flyway,Moderate,2024-10-18,06:30,2024-10-18 06:30:22,Fog,Bus,medium
956,28.580525,77.300208,DND Flyway,Minor,2025-10-02,09:30,2025-10-02 09:30:22,Clear,Bike,medium
957,28.533455,77.21542,Mathura Road,Minor,2025-08-10,17:50,2025-08-10 17:50:22,Clear,Auto,medium
958,28.658366,77.225099,G T Road,Severe,2023-07-26,17:19,2023-07-26 17:19:22,Fog,Auto,high
959,28.5172,77.204884,Mathura Road,Fatal,2025-07-30,08:35,2025-07-30 08:35:22,Rain,Car,medium
960,28.517287,77.204562,Mathura Road,Minor,2024-03-12,07:49,2024-03-12 07:49:22,Clear,Car,medium
961,28.582128,77.250286,Lodhi Road,Moderate,2024-02-04,12:24,2024-02-04 12:24:22,Rain,Car,low
962,28.754672,77.071519,NH-44,Moderate,2025-06-07,09:47,2025-06-07 09:47:22,Clear,Truck,high
963,28.709361,77.102859,Outer Ring Road,Minor,2025-04-08,08:52,2025-04-08 08:52:22,Rain,Car,high
964,28.577511,77.301692,DND Flyway,Moderate,2023-09-21,21:32,2023-09-21 21:32:22,Clear,Auto,medium
965,28.600281,77.045102,Dwarka Expressway,Minor,2025-06-10,06:59,2025-06-10 06:59:22,Clear,Car,medium
966,28.455592,77.021042,MG Road,Severe,2025-06-21,02:12,2025-06-21 02:12:22,Rain,Auto,medium
967,28.526755,77.210149,Mathura Road,Moderate,2023-11-01,11:08,2023-11-01 11:08:22,Clear,Truck,medium
968,28.592398,77.049214,Dwarka Expressway,Moderate,2024-05-23,00:41,2024-05-23 00:41:22,Clear,Truck,medium
969,28.578987,77.237285,Lodhi Road,Moderate,2024-08-04,20:25,2024-08-04 20:25:22,Clear,Auto,low
970,28.597575,77.240382,Lodhi Road,Moderate,2023-06-23,11:56,2023-06-23 11:56:22,Fog,Bus,low
971,28.46446,77.020115,MG Road,Moderate,2023-06-02,07:10,2023-06-02 07:10:22,Rain,Truck,medium
972,28.515441,77.204987,Mathura Road,Severe,2024-11-04,21:48,2024-11-04 21:48:22,Clear,Car,medium
973,28.678356,77.113853,Rohtak Road,Moderate,2026-01-01,17:00,2026-01-01 17:00:22,Clear,Bus,high
974,28.522486,77.211349,Mathura Road,Minor,2023-04-25,19:55,2023-04-25 19:55:22,Clear,Car,medium
975,28.570813,77.313501,DND Flyway,Minor,2023-06-16,12:13,2023-06-16 12:13:22,Clear,Auto,medium
976,28.582463,77.314239,DND Flyway,Minor,2024-12-08,16:51,2024-12-08 16:51:22,Heavy Rain,Truck,medium
977,28.673955,77.116933,Rohtak Road,Severe,2025-01-03,15:04,2025-01-03 15:04:22,Clear,Truck,high
978,28.587843,77.039989,Dwarka Expressway,Severe,2023-07-09,16:32,2023-07-09 16:32:22,Clear,Auto,medium
979,28.580693,77.299717,DND Flyway,Severe,2023-05-03,20:29,2023-05-03 20:29:22,Clear,Bike,medium
980,28.518787,77.216429,Mathura Road,Moderate,2024-10-01,06:40,2024-10-01 06:40:22,Fog,Auto,medium
981,28.626736,77.211288,Ring Road,Moderate,2025-04-01,08:59,2025-04-01 08:59:22,Clear,Truck,high
982,28.572864,77.309083,DND Flyway,Minor,2023-08-25,12:32,2023-08-25 12:32:22,Rain,Bus,medium
983,28.703841,77.098264,Outer Ring Road,Minor,2024-09-26,19:06,2024-09-26 19:06:22,Clear,Bus,high
984,28.699171,77.10916,Outer Ring Road,Minor,2024-12-09,08:58,2024-12-09 08:58:22,Clear,Truck,high
985,28.527228,77.208676,Mathura Road,Moderate,2023-03-15,05:44,2023-03-15 05:44:22,Rain,Bike,medium
986,28.741222,77.071418,NH-44,Moderate,2023-03-16,07:42,2023-03-16 07:42:22,Clear,Bike,high
987,28.653359,77.236861,G T Road,Minor,2025-06-21,18:33,2025-06-21 18:33:22,Clear,Truck,high
988,28.457162,77.022504,MG Road,Moderate,2025-11-04,19:28,2025-11-04 19:28:22,Clear,Car,medium
989,28.582255,77.23858,Lodhi Road,Minor,2024-03-15,14:47,2024-03-15 14:47:22,Fog,Truck,low
990,28.657831,77.233379,G T Road,Minor,2023-11-15,15:34,2023-11-15 15:34:22,Clear,Car,high
991,28.632359,77.206705,Ring Road,Moderate,2023-12-20,18:43,2023-12-20 18:43:22,Clear,Auto,high
992,28.758854,77.071468,NH-44,Severe,2025-03-25,18:27,2025-03-25 18:27:22,Clear,Truck,high
993,28.694616,77.100711,Outer Ring Road,Minor,2024-08-20,08:03,2024-08-20 08:03:22,Clear,Car,high
994,28.458566,77.021749,MG Road,Minor,2025-09-04,15:02,2025-09-04 15:02:22,Fog,Truck,medium
995,28.689675,77.11288,Rohtak Road,Minor,2025-08-13,19:26,2025-08-13 19:26:22,Rain,Truck,high
996,28.656553,77.224115,G T Road,Moderate,2024-09-01,18:05,2024-09-01 18:05:22,Heavy Rain,Bike,high
997,28.652697,77.23261,G T Road,Severe,2025-11-22,07:03,2025-11-22 07:03:22,Rain,Truck,high
998,28.706112,77.094162,Outer Ring Road,Minor,2025-01-07,21:52,2025-01-07 21:52:22,Rain,Truck,high
999,28.659457,77.236953,G T Road,Moderate,2023-09-24,09:12,2023-09-24 09:12:22,Fog,Bus,high
1000,28.636798,77.221783,Ring Road,Minor,2024-07-14,15:10,2024-07-14 15:10:22,Heavy Rain,Auto,high
